"","timestamp","code","i01","i02r","i03","i04","i05","i06r","i07","i08","i09","i10","n_facebook_friends","n_hangover","age","sex","extra_single_item","time_conversation","presentation","n_party","clients","extra_vignette","extra_description","prop_na_per_row","extra_mean","extra_median","client_freq"
"1","11.03.2015 19:17:48","HSC",3,3,3,3,4,4,3,2,3,1,250,1,24,"Frau",4,10,"nein",20,"","",NA,0.0434782608695652,2.9,3,NA
"2","11.03.2015 19:18:05","ERB",2,2,1,2,3,2,2,3,3,1,106,0,35,"Frau",3,15,"nein",5,"","",NA,0.0434782608695652,2.1,2,NA
"3","11.03.2015 19:18:09","ADP",3,4,1,4,4,1,3,2,3,1,215,0,25,"Frau",4,15,"nein",3,"","",NA,0.0434782608695652,2.6,3,NA
"4","11.03.2015 19:18:19","KHB",3,3,2,4,3,3,3,3,3,2,200,15,39,"Frau",3,5,"nein",25,"","",NA,0.0434782608695652,2.9,3,NA
"5","11.03.2015 19:18:19","PTG",4,3,1,4,4,3,4,2,3,4,100,0,29,"Frau",4,5,"nein",4,"","",NA,0.0434782608695652,3.2,3.5,NA
"6","11.03.2015 19:18:23","ABL",3,2,1,4,2,3,4,3,3,3,376,1,33,"Mann",4,20,"ja",4,"","",NA,0.0434782608695652,2.8,3,NA
"7","11.03.2015 19:18:38","ber",4,4,1,3,3,3,2,3,3,2,180,1,24,"Frau",3,2,"ja",3,"","",NA,0.0434782608695652,2.8,3,NA
"8","11.03.2015 19:18:50","hph",3,3,2,3,2,2,3,2,4,1,432,2,28,"Mann",3,15,"ja",6,"","",NA,0.0434782608695652,2.5,2.5,NA
"9","11.03.2015 19:19:27","IHW",4,4,1,4,3,4,3,3,4,2,200,5,29,"Frau",4,10,"nein",12,"","",NA,0.0434782608695652,3.2,3.5,NA
"10","11.03.2015 19:19:31","LEI",4,4,2,4,3,3,3,3,3,3,NA,0,38,"Mann",4,10,"nein",5,"","",NA,0.0869565217391304,3.2,3,NA
"11","11.03.2015 19:19:40","PTG",3,3,1,3,3,3,2,3,4,1,400,1,25,"Frau",4,1,"nein",10,"","",NA,0.0434782608695652,2.6,3,NA
"12","11.03.2015 19:20:02","HRM",3,4,1,3,2,3,4,2,2,3,160,2,52,"Frau",4,5,"ja",5,"","",NA,0.0434782608695652,2.7,3,NA
"13","11.03.2015 19:20:02","WHB",4,3,1,2,3,3,2,3,4,2,463,20,32,"Mann",4,5,"ja",10,"","",NA,0.0434782608695652,2.7,3,NA
"14","11.03.2015 19:20:07","TSL",4,3,4,4,3,3,3,3,4,3,308,2,25,"Mann",4,5,"ja",10,"","",NA,0.0434782608695652,3.4,3,NA
"15","11.03.2015 19:20:20","AKS",3,3,1,3,3,3,3,4,4,2,305,20,23,"Frau",4,30,"nein",45,"","",NA,0.0434782608695652,2.9,3,NA
"16","11.03.2015 19:20:33","WGM",4,4,2,4,3,4,3,3,4,3,520,7,27,"Frau",4,15,"ja",12,"","",NA,0.0434782608695652,3.4,3.5,NA
"17","11.03.2015 19:20:43","WEL",4,4,3,4,3,3,3,2,4,3,369,0,32,"Frau",4,10,"nein",5,"","",NA,0.0434782608695652,3.3,3,NA
"18","11.03.2015 19:20:52","WOM",4,3,3,4,4,4,4,4,4,3,NA,12,23,"Mann",4,4,"ja",120,"","",NA,0.0869565217391304,3.7,4,NA
"19","11.03.2015 19:21:52","BKM",3,3,1,4,3,3,3,3,3,2,349,1,33,"Mann",4,5,"nein",2,"","",NA,0.0434782608695652,2.8,3,NA
"20","11.03.2015 19:27:20","PTG",3,3,1,3,3,3,2,3,4,1,400,1,25,"Frau",4,1,"nein",10,"","",NA,0.0434782608695652,2.6,3,NA
"21","12.03.2015 07:06:02","HHD",4,4,2,4,4,4,4,4,4,3,607,30,27,"Frau",4,2,"nein",30,"","",NA,0.0434782608695652,3.7,4,NA
"22","12.03.2015 11:17:49","HHM",3,2,1,2,1,4,1,3,4,1,197,12,26,"Mann",3,30,"ja",24,"","",NA,0.0434782608695652,2.2,2,NA
"23","21.03.2015 17:32:11","WGM",4,4,2,4,3,4,3,3,4,3,520,7,27,"Frau",4,15,"ja",12,"","",NA,0.0434782608695652,3.4,3.5,NA
"24","11.05.2015 18:17:42","KSF",3,3,1,4,3,3,3,2,3,3,NA,0,32,"Frau",3,5,"ja",10,"","",NA,0.0869565217391304,2.8,3,NA
"25","11.05.2015 18:17:57","MJC",3,3,2,3,3,3,3,4,3,2,200,6,25,"Frau",3,10,"ja",12,"","",NA,0.0434782608695652,2.9,3,NA
"26","11.05.2015 18:18:11","SBM",3,3,1,3,2,3,3,3,4,1,NA,0,27,"Frau",3,15,"ja",20,"","",NA,0.0869565217391304,2.6,3,NA
"27","11.05.2015 18:18:25","EGF",2,3,3,2,3,3,3,3,2,2,NA,NA,27,"Frau",2,NA,"nein",NA,"","",NA,0.0869565217391304,2.6,3,NA
"28","11.05.2015 18:18:39","HPR",3,3,1,3,3,3,3,3,3,2,400,12,29,"Frau",3,NA,"nein",5,"","",NA,0.0434782608695652,2.7,3,NA
"29","11.05.2015 18:19:07","WHM",4,2,3,3,2,3,3,4,3,4,590,12,29,"Mann",4,15,"ja",25,"","",NA,0.0434782608695652,3.1,3,NA
"30","11.05.2015 18:19:15","MKB",3,4,2,4,4,2,3,3,4,4,150,1,25,"Frau",3,7,"ja",2,"","",NA,0.0434782608695652,3.3,3.5,NA
"31","11.05.2015 21:53:59","MKB",3,4,2,4,4,2,3,3,4,4,150,1,25,"Frau",3,7,"ja",2,"","",NA,0.0434782608695652,3.3,3.5,NA
"32","15.09.2015 15:28:03","RWM",4,3,2,4,3,2,4,2,4,3,220,1,23,"Mann",3,20,"nein",5,"im Schnitt 1 Mal pro Tag","",NA,0.0434782608695652,3.1,3,"4"
"33","15.09.2015 15:28:40","EBM",2,3,4,3,2,3,3,3,3,2,200,1,23,"Frau",3,40,"nein",5,"im Schnitt 1 Mal pro Quartal (oder weniger)","",NA,0.0434782608695652,2.8,3,"1"
"34","15.09.2015 15:29:47","BED",3,2,1,3,3,3,2,3,3,2,400,2,33,"Frau",3,10,"ja",10,"im Schnitt mehrfach pro Tag","",NA,0.0434782608695652,2.5,3,"5"
"35","15.09.2015 15:32:00","AUA",3,2,2,3,3,3,4,1,3,3,800,1,21,"Mann",2,5,"ja",0,"im Schnitt 1 Mal pro Tag","",NA,0.0434782608695652,2.7,3,"4"
"36","15.09.2015 15:37:06","MDG",3,1,2,4,3,1,3,3,2,4,350,50,24,"Mann",1,10,"nein",50,"im Schnitt 1 Mal pro Quartal (oder weniger)","",NA,0.0434782608695652,2.6,3,"1"
"37","15.09.2015 16:04:55","TBA",4,4,2,4,3,3,3,4,4,4,423,10,23,"Frau",3,10,"ja",15,"im Schnitt mehrfach pro Tag","",NA,0.0434782608695652,3.5,4,"5"
"38","15.09.2015 16:19:39","SBR",3,3,1,3,3,3,3,3,4,2,NA,4,25,"Frau",3,5,"nein",8,"im Schnitt mehrfach pro Tag","",NA,0.0869565217391304,2.8,3,"5"
"39","15.09.2015 16:29:17","UFW",4,4,3,4,3,3,3,3,3,2,250,0,24,"Frau",4,10,"ja",65,"im Schnitt mehrfach pro Tag","",NA,0.0434782608695652,3.2,3,"5"
"40","15.09.2015 17:20:23","HHB",4,3,2,4,4,3,3,3,4,3,NA,2,21,"Frau",4,2,"ja",5,"im Schnitt 1 Mal pro Quartal (oder weniger)","",NA,0.0869565217391304,3.3,3,"1"
"41","15.09.2015 17:20:54","HHB",4,3,2,4,4,3,3,3,4,3,0,2,21,"Frau",4,2,"ja",5,"im Schnitt 1 Mal pro Quartal (oder weniger)","",NA,0.0434782608695652,3.3,3,"1"
"42","15.09.2015 19:02:03","RVK",4,3,1,4,4,3,4,4,4,3,767,0,22,"Mann",4,5,"ja",110,"im Schnitt mehrfach pro Tag","",NA,0.0434782608695652,3.4,4,"5"
"43","15.09.2015 19:35:41","MMR",2,2,2,2,1,1,3,2,2,1,600,3,22,"Mann",2,1e+09,"nein",5,"im Schnitt 1 Mal pro Monat","",NA,0.0434782608695652,1.8,2,"2"
"44","15.09.2015 20:29:13","JAA",4,4,1,3,3,3,4,3,3,4,473,2,22,"Frau",4,3,"ja",12,"im Schnitt 1 Mal pro Quartal (oder weniger)","",NA,0.0434782608695652,3.2,3,"1"
"45","15.09.2015 21:58:12","EBM",2,3,4,3,2,3,3,3,3,2,200,1,23,"Frau",3,40,"nein",5,"im Schnitt 1 Mal pro Quartal (oder weniger)","",NA,0.0434782608695652,2.8,3,"1"
"46","15.09.2015 22:21:00","SDS",3,3,2,3,3,3,3,4,3,1,189,5,29,"Frau",4,7,"nein",12,"im Schnitt mehrfach pro Tag","",NA,0.0434782608695652,2.8,3,"5"
"47","15.09.2015 23:00:23","aab",4,4,1,3,3,3,3,4,4,4,250,0,40,"Mann",4,10,"ja",5,"im Schnitt mehrfach pro Tag","",NA,0.0434782608695652,3.3,3.5,"5"
"48","16.09.2015 10:09:06","RVM",4,4,3,4,4,2,3,4,3,1,360,15,19,"Frau",3,5,"nein",40,"im Schnitt 1 Mal pro Quartal (oder weniger)","",NA,0.0434782608695652,3.2,3.5,"1"
"49","16.09.2015 13:11:32","MWM",4,4,3,4,4,2,4,2,1,2,NA,0,22,"Frau",3,NA,"nein",NA,"","",NA,0.0869565217391304,3,3.5,NA
"50","18.09.2015 09:56:50","JDF",4,4,1,4,3,3,3,2,4,2,350,3,21,"Frau",4,NA,"ja",7,"im Schnitt mehrfach pro Tag","",NA,0.0434782608695652,3,3,"5"
"51","18.09.2015 20:59:42","dhn",4,3,2,4,4,4,3,4,4,4,550,15,24,"Frau",4,3,"ja",10,"im Schnitt mehrfach pro Tag","",NA,0.0434782608695652,3.6,4,"5"
"52","19.09.2015 11:07:20","ABS",3,2,3,3,3,3,4,3,3,3,NA,NA,NA,"",3,NA,"",NA,"","",NA,0.130434782608696,3,3,NA
"53","20.09.2015 13:36:13","JBM",4,3,2,3,4,3,4,3,4,1,278,4,24,"Frau",4,5,"ja",10,"im Schnitt mehrfach pro Tag","",NA,0.0434782608695652,3.1,3,"5"
"54","20.09.2015 18:46:14","GSR",3,3,2,3,2,3,3,2,3,2,150,2,22,"Frau",3,5,"ja",12,"im Schnitt 1 Mal pro Tag","",NA,0.0434782608695652,2.6,3,"4"
"55","20.09.2015 22:04:56","VSM",4,3,2,4,4,3,3,4,3,2,500,0,19,"Frau",4,1,"ja",10,"im Schnitt mehrfach pro Tag","",NA,0.0434782608695652,3.2,3,"5"
"56","20.09.2015 22:05:20","FEG",4,4,4,4,4,4,4,4,4,4,892,12,21,"Mann",3,1,"nein",30,"im Schnitt mehrfach pro Tag","",NA,0.0434782608695652,4,4,"5"
"57","20.09.2015 22:05:20","GMI",3,4,2,3,3,3,2,3,4,2,388,30,25,"Frau",4,10,"nein",35,"im Schnitt 1 Mal pro Quartal (oder weniger)","",NA,0.0434782608695652,2.9,3,"1"
"58","20.09.2015 22:08:09","CML",4,4,2,3,3,2,4,4,4,2,300,30,25,"Frau",4,10,"nein",40,"im Schnitt mehrfach pro Tag","",NA,0.0434782608695652,3.2,3.5,"5"
"59","20.09.2015 22:12:50","SNI",3,4,1,4,3,3,3,3,3,1,250,12,20,"Frau",4,5,"nein",24,"","",NA,0.0434782608695652,2.8,3,NA
"60","20.09.2015 22:16:20","GGE",4,4,2,3,4,4,3,3,4,3,420,15,24,"Frau",4,10,"nein",12,"im Schnitt 1 Mal pro Woche","",NA,0.0434782608695652,3.4,3.5,"3"
"61","20.09.2015 23:06:33","SBM",4,4,2,3,3,4,3,3,3,2,236,1,23,"Frau",4,5,"nein",10,"im Schnitt mehrfach pro Tag","",NA,0.0434782608695652,3.1,3,"5"
"62","21.09.2015 10:36:16","RMM",3,3,1,3,3,3,2,4,4,1,300,25,20,"Frau",2,20,"nein",30,"im Schnitt 1 Mal pro Quartal (oder weniger)","",NA,0.0434782608695652,2.7,3,"1"
"63","21.09.2015 19:39:58","MMB",3,4,1,3,4,4,3,4,4,2,430,5,23,"Frau",4,5,"nein",15,"im Schnitt 1 Mal pro Tag","",NA,0.0434782608695652,3.2,3.5,"4"
"64","21.09.2015 21:29:32","MSI",3,3,3,2,2,3,3,3,3,2,0,0,20,"Frau",2,15,"nein",20,"im Schnitt mehrfach pro Tag","",NA,0.0434782608695652,2.7,3,"5"
"65","23.09.2015 11:20:31","HHS",4,4,2,4,4,4,3,3,4,3,649,12,22,"Frau",4,4,"nein",20,"im Schnitt mehrfach pro Tag","",NA,0.0434782608695652,3.5,4,"5"
"66","25.09.2015 12:41:36","DUS",3,2,1,2,2,2,2,2,3,2,195,0,30,"Mann",4,60,"ja",5,"im Schnitt mehrfach pro Tag","",NA,0.0434782608695652,2.1,2,"5"
"67","26.09.2015 12:54:46","JWD",3,3,1,4,4,3,3,3,3,3,200,4,24,"Frau",4,10,"ja",36,"im Schnitt mehrfach pro Tag","",NA,0.0434782608695652,3,3,"5"
"68","28.09.2015 12:19:51","WHG",4,2,2,4,4,3,4,3,4,4,188,3,45,"Mann",4,3,"ja",25,"im Schnitt mehrfach pro Tag","",NA,0.0434782608695652,3.4,4,"5"
"69","28.09.2015 23:08:56","WAM",4,2,1,4,3,2,3,3,3,3,410,2,23,"Frau",3,3,"nein",18,"im Schnitt 1 Mal pro Tag","",NA,0.0434782608695652,2.8,3,"4"
"70","29.09.2015 08:37:26","NM",3,3,1,3,3,3,2,2,3,1,180,0,23,"Frau",4,15,"nein",2,"im Schnitt 1 Mal pro Monat","",NA,0.0434782608695652,2.4,3,"2"
"71","29.09.2015 08:37:36","HED",4,4,2,4,4,4,2,2,3,2,410,4,23,"Frau",3,15,"ja",15,"im Schnitt mehrfach pro Tag","",NA,0.0434782608695652,3.1,3.5,"5"
"72","29.09.2015 08:38:00","UKS",4,4,2,3,3,4,3,3,3,2,321,24,21,"Frau",4,5,"nein",36,"im Schnitt mehrfach pro Tag","",NA,0.0434782608695652,3.1,3,"5"
"73","29.09.2015 08:38:06","ASS",4,3,3,3,3,3,2,3,3,2,450,3,22,"Mann",3,NA,"ja",15,"im Schnitt 1 Mal pro Tag","",NA,0.0434782608695652,2.9,3,"4"
"74","29.09.2015 08:39:16","GBV",4,4,2,3,3,3,3,3,3,2,400,10,21,"Frau",3,5,"nein",25,"im Schnitt 1 Mal pro Monat","",NA,0.0434782608695652,3,3,"2"
"75","29.09.2015 08:39:32","MRM",4,4,4,4,4,2,4,3,4,3,412,3,26,"Frau",4,5,"nein",16,"im Schnitt 1 Mal pro Tag","",NA,0.0434782608695652,3.6,4,"4"
"76","29.09.2015 10:25:32","SFZM",4,4,3,3,3,3,2,1,2,2,197,0,20,"Frau",3,0,"nein",2,"im Schnitt 1 Mal pro Quartal (oder weniger)","",NA,0.0434782608695652,2.7,3,"1"
"77","29.09.2015 12:29:38","WEB",3,4,1,3,4,3,3,3,4,2,350,24,29,"Frau",NA,5,"nein",56,"im Schnitt 1 Mal pro Tag","",NA,0.0869565217391304,3,3,"4"
"78","30.09.2015 12:52:52","FRW",4,4,1,4,4,4,4,4,4,4,0,0,40,"Frau",4,3,"ja",4,"im Schnitt mehrfach pro Tag","",NA,0.0434782608695652,3.7,4,"5"
"79","01.10.2015 09:13:09","OHN",3,3,2,3,3,3,3,3,4,2,261,4,25,"Frau",3,5,"ja",10,"im Schnitt mehrfach pro Tag","",NA,0.0434782608695652,2.9,3,"5"
"80","01.10.2015 12:46:04","BGM",4,4,1,4,4,3,3,3,3,2,400,30,25,"Frau",4,10,"nein",40,"im Schnitt mehrfach pro Tag","",NA,0.0434782608695652,3.1,3,"5"
"81","01.10.2015 22:50:15","Wga",4,4,2,4,4,3,4,3,4,3,600,2,20,"Frau",4,2,"nein",5,"im Schnitt 1 Mal pro Tag","",NA,0.0434782608695652,3.5,4,"4"
"82","02.10.2015 08:27:37","KMA",4,3,2,4,4,2,3,3,3,3,200,20,28,"Frau",4,5,"nein",15,"im Schnitt mehrfach pro Tag","",NA,0.0434782608695652,3.1,3,"5"
"83","02.10.2015 08:49:04","RDA",3,3,4,3,3,2,3,2,3,1,517,0,25,"Frau",3,10,"nein",10,"im Schnitt mehrfach pro Tag","",NA,0.0434782608695652,2.7,3,"5"
"84","02.10.2015 14:32:59","HPA",4,3,4,3,2,4,3,3,4,2,400,20,25,"Mann",4,10,"ja",15,"im Schnitt mehrfach pro Tag","",NA,0.0434782608695652,3.2,3,"5"
"85","05.10.2015 21:10:25","OSB",4,4,1,3,4,4,4,3,4,3,550,5,24,"Frau",4,2,"ja",8,"im Schnitt 1 Mal pro Woche","",NA,0.0434782608695652,3.4,4,"3"
"86","07.10.2015 12:09:45","FGL",2,3,2,3,3,3,4,2,2,4,325,5,29,"Frau",2,5,"ja",1,"im Schnitt 1 Mal pro Woche","",NA,0.0434782608695652,2.8,3,"3"
"87","07.10.2015 21:53:03","RBI",3,3,1,2,2,3,3,3,3,3,200,5,22,"Frau",3,20,"nein",25,"im Schnitt mehrfach pro Tag","",NA,0.0434782608695652,2.6,3,"5"
"88","09.10.2015 21:38:48","RBA",3,2,1,2,2,1,1,4,2,3,450,28,28,"Mann",3,5,"ja",14,"im Schnitt mehrfach pro Tag","",NA,0.0434782608695652,2.1,2,"5"
"89","09.10.2015 22:02:41","HSE",4,4,1,3,3,3,3,3,3,3,60,3,26,"Mann",3,5,"ja",5,"im Schnitt mehrfach pro Tag","",NA,0.0434782608695652,3,3,"5"
"90","10.10.2015 07:47:26","REA",3,1,1,3,2,2,2,1,2,1,NA,2,25,"Mann",3,15,"ja",1,"im Schnitt 1 Mal pro Tag","",NA,0.0869565217391304,1.8,2,"4"
"91","10.10.2015 09:27:46","WTF",4,3,2,4,4,4,3,3,4,4,NA,1,30,"Mann",4,6,"ja",4,"im Schnitt mehrfach pro Tag","",NA,0.0869565217391304,3.5,4,"5"
"92","10.10.2015 09:32:01","Cori",4,4,2,4,4,3,3,3,3,2,319,5,24,"Frau",3,NA,"ja",10,"Ich habe keinen Kundenkontakt","",NA,0.0434782608695652,3.2,3,"0"
"93","10.10.2015 09:40:55","MFA",4,4,2,3,4,3,4,3,4,3,635,3,25,"Frau",4,1,"ja",10,"im Schnitt mehrfach pro Tag","",NA,0.0434782608695652,3.4,3.5,"5"
"94","15.10.2015 15:40:23","WAE",2,3,1,3,2,2,2,2,3,1,NA,1,43,"Mann",3,10,"nein",2,"im Schnitt 1 Mal pro Tag","",NA,0.0869565217391304,2.1,2,"4"
"95","22.10.2015 19:45:24","MWM",3,4,2,4,3,4,4,2,4,3,234,3,30,"Mann",3,NA,"",30,"im Schnitt mehrfach pro Tag","",NA,0.0434782608695652,3.3,3.5,"5"
"96","25.10.2015 14:36:11","WUB",4,3,1,4,4,2,4,3,3,3,520,10,26,"Frau",4,2,"ja",26,"im Schnitt 1 Mal pro Tag","",NA,0.0434782608695652,3.1,3,"4"
"97","02.11.2015 20:49:58","EGH",4,3,2,4,3,3,3,3,4,4,228,0,32,"Frau",4,5,"nein",15,"im Schnitt 1 Mal pro Tag","",NA,0.0434782608695652,3.3,3,"4"
"98","18.11.2015 16:30:52","mzr",1,1,3,3,1,2,2,1,1,4,NA,0,45,"Mann",1,45,"ja",0,"im Schnitt 1 Mal pro Monat","",NA,0.0869565217391304,1.9,1.5,"2"
"99","02.12.2015 16:15:52","BMM",3,2,1,2,2,1,3,1,2,2,NA,4,23,"Mann",3,30,"nein",7,"im Schnitt 1 Mal pro Monat","",NA,0.0869565217391304,1.9,2,"2"
"100","03.12.2015 14:29:09","GKM",4,3,1,4,3,3,4,3,4,2,360,10,21,"Frau",2,30,"nein",30,"im Schnitt mehrfach pro Tag","",NA,0.0434782608695652,3.1,3,"5"
"101","03.12.2015 19:34:45","shm",3,4,1,3,3,2,2,2,4,2,315,0,24,"Frau",2,45,"nein",3,"3 Mal pro Woche","",NA,0.0434782608695652,2.6,2.5,"4"
"102","04.12.2015 15:40:50","FHM",3,4,2,3,4,3,3,2,4,2,NA,0,22,"Mann",3,30,"nein",5,"100","",NA,0.0869565217391304,3,3,"3"
"103","05.12.2015 11:11:57","kbf",4,3,2,4,2,3,2,3,3,1,629,18,21,"Frau",4,30,"ja",34,"im Schnitt mehrfach pro Tag","",NA,0.0434782608695652,2.7,3,"5"
"104","05.12.2015 15:30:27","JMM",4,3,2,2,3,3,2,4,4,1,391,6,21,"Frau",3,30,"nein",50,"im Schnitt 1 Mal pro Tag","",NA,0.0434782608695652,2.8,3,"4"
"105","09.12.2015 17:20:52","kcw",4,4,3,4,4,4,4,3,3,3,NA,153,38,"Mann",NA,1,"ja",4,"im Schnitt 1 Mal pro Monat","",NA,0.130434782608696,3.6,4,"2"
"106","15.12.2015 15:00:16","WKR",4,4,3,3,3,4,4,4,4,1,120,1,28,"Frau",4,10,"nein",6,"im Schnitt mehrfach pro Tag","",NA,0.0434782608695652,3.4,4,"5"
"107","01.01.2016 18:16:00","HKK",4,4,3,4,4,4,3,3,3,3,250,0,45,"Frau",4,5,"ja",6,"im Schnitt mehrfach pro Tag","",NA,0.0434782608695652,3.5,3.5,"5"
"108","19.01.2016 19:43:52","GGM",3,3,3,2,2,1,2,2,3,1,350,2,23,"Frau",3,45,"nein",4,"im Schnitt mehrfach pro Tag","",NA,0.0434782608695652,2.2,2,"5"
"109","01.02.2016 17:50:10","EUL",3,3,1,4,4,3,4,3,3,4,600,10,26,"Mann",4,3,"ja",10,"im Schnitt mehrfach pro Tag","",NA,0.0434782608695652,3.2,3,"5"
"110","02.02.2016 19:44:07","VEB",3,2,2,3,3,3,2,3,2,4,NA,0,31,"Frau",4,10,"nein",0,"im Schnitt 1 Mal pro Woche","",NA,0.0869565217391304,2.7,3,"3"
"111","02.02.2016 20:42:15","PZC",4,2,3,3,3,3,4,4,4,2,550,2,27,"Mann",4,30,"ja",10,"im Schnitt mehrfach pro Tag","",NA,0.0434782608695652,3.2,3,"5"
"112","03.02.2016 13:51:55","GAH",4,4,3,4,3,2,4,3,4,3,NA,3,32,"Mann",3,5,"ja",5,"im Schnitt mehrfach pro Tag","",NA,0.0869565217391304,3.4,3.5,"5"
"113","04.02.2016 18:45:42","BTL",4,3,1,4,3,3,3,4,3,3,155,3,26,"Frau",3,2,"nein",3,"im Schnitt mehrfach pro Tag","",NA,0.0434782608695652,3.1,3,"5"
"114","08.02.2016 13:17:36","MBG",3,3,1,4,4,2,3,3,3,2,140,0,45,"Frau",3,10,"ja",5,"im Schnitt mehrfach pro Tag","",NA,0.0434782608695652,2.8,3,"5"
"115","29.02.2016 11:23:12","MKG",4,3,2,4,4,4,4,2,4,4,NA,1,32,"Frau",3,10,"ja",6,"im Schnitt 1 Mal pro Tag","passt insgesamt",3,0.0434782608695652,3.5,4,"4"
"116","03.03.2016 15:33:23","",3,3,2,2,2,3,3,2,3,1,250,1,24,"Frau",1,NA,"nein",6,"im Schnitt 1 Mal pro Quartal (oder weniger)","keine Antwort",6,0,2.4,2.5,"1"
"117","03.03.2016 15:33:29","FBR",3,3,3,4,3,3,2,2,3,2,294,2,28,"Frau",3,27,"ja",1,"im Schnitt mehrfach pro Tag","passt insgesamt nicht",4,0,2.8,3,"5"
"118","03.03.2016 15:34:44","CZP",4,3,3,4,4,4,3,3,3,2,600,0,24,"Frau",3,NA,"nein",30,"im Schnitt mehrfach pro Tag","passt insgesamt",3,0,3.3,3,"5"
"119","03.03.2016 15:34:46","",4,3,3,3,3,4,3,4,4,4,500,0,20,"Frau",3,7,"nein",4,"im Schnitt mehrfach pro Tag","passt insgesamt",3,0,3.5,3.5,"5"
"120","03.03.2016 15:34:53","ism",4,4,2,4,4,3,3,3,3,2,300,0,20,"Frau",3,30,"nein",5,"im Schnitt 1 Mal pro Monat","keine Antwort",3,0,3.2,3,"2"
"121","03.03.2016 15:35:02","Asm",4,3,3,4,3,3,4,3,4,3,350,10,23,"Frau",3,15,"nein",20,"im Schnitt mehrfach pro Tag","passt insgesamt",3,0,3.4,3,"5"
"122","03.03.2016 15:35:08","TPF",3,3,1,3,3,4,3,4,4,2,608,2,24,"Frau",2,10,"nein",30,"im Schnitt mehrfach pro Tag","passt insgesamt",5,0,3,3,"5"
"123","03.03.2016 15:35:15","Oam",2,2,3,3,3,2,1,3,1,2,NA,6,24,"Mann",3,15,"nein",6,"im Schnitt 1 Mal pro Woche","passt insgesamt nicht",4,0.0434782608695652,2.2,2,"3"
"124","03.03.2016 15:35:28","AEM",3,3,1,4,4,3,3,3,3,2,500,10,21,"Frau",3,10,"nein",5,"ich arbeite ncht ","keine Antwort",6,0,2.9,3,"0"
"125","03.03.2016 15:35:32","",4,3,2,3,3,3,3,3,4,1,521,12,25,"Frau",2,10,"ja",12,"im Schnitt mehrfach pro Tag","passt insgesamt",5,0,2.9,3,"5"
"126","03.03.2016 15:35:34","JMM",3,3,1,3,3,3,3,4,3,3,280,12,23,"Frau",2,10,"nein",30,"im Schnitt mehrfach pro Tag","passt insgesamt",4,0,2.9,3,"5"
"127","03.03.2016 15:35:57","MKW",4,4,1,3,2,4,2,4,4,2,250,12,22,"Frau",2,10,"nein",12,"im Schnitt 1 Mal pro Quartal (oder weniger)","passt insgesamt",6,0,3,3.5,"1"
"128","03.03.2016 15:36:00","AWP",3,3,1,4,4,3,3,4,3,3,120,20,23,"Frau",4,15,"nein",22,"im Schnitt 1 Mal pro Quartal (oder weniger)","keine Antwort",2,0,3.1,3,"1"
"129","03.03.2016 15:36:08","Wwm",4,4,3,3,4,4,3,3,4,2,606,1,21,"Frau",3,1,"nein",5,"im Schnitt 1 Mal pro Tag","keine Antwort",3,0,3.4,3.5,"4"
"130","03.03.2016 15:36:12","obs",3,4,2,4,4,4,2,3,3,2,510,3,22,"Frau",3,5,"ja",15,"im Schnitt mehrfach pro Tag","keine Antwort",5,0,3.1,3,"5"
"131","03.03.2016 15:36:14","",3,4,4,4,3,3,4,3,3,3,600,25,22,"Mann",4,1,"ja",40,"im Schnitt mehrfach pro Tag","passt insgesamt",2,0,3.4,3,"5"
"132","03.03.2016 15:36:15","",3,4,1,2,2,4,2,4,2,2,NA,NA,23,"Mann",2,1,"nein",48,"im Schnitt mehrfach pro Tag","passt insgesamt nicht",8,0.0434782608695652,2.6,2,"5"
"133","03.03.2016 15:36:25","",4,4,2,3,3,4,4,4,3,2,500,40,22,"Mann",3,5,"nein",40,"im Schnitt 1 Mal pro Tag","passt insgesamt",6,0,3.3,3.5,"4"
"134","03.03.2016 15:36:26","MSG",4,4,3,3,3,3,3,3,4,2,719,8,24,"Frau",3,10,"nein",25,"im Schnitt 1 Mal pro Woche","passt insgesamt",2,0,3.2,3,"3"
"135","03.03.2016 15:36:30","KBP",4,4,3,NA,4,3,3,3,3,2,250,10,28,"Frau",3,15,"nein",20,"im Schnitt 1 Mal pro Monat","passt insgesamt",4,0.0434782608695652,3.22222222222222,3,"2"
"136","03.03.2016 15:36:34","CPS",4,4,2,3,3,3,2,2,3,1,100,3,21,"Frau",2,15,"nein",15,"im Schnitt 1 Mal pro Tag","keine Antwort",5,0,2.7,3,"4"
"137","03.03.2016 15:36:38","ala",4,3,3,3,2,4,NA,4,4,3,500,10,21,"Frau",2,10,"ja",60,"im Schnitt mehrfach pro Tag","passt insgesamt",3,0.0434782608695652,3.33333333333333,3,"5"
"138","03.03.2016 15:36:39","MGI",3,3,3,3,3,3,3,4,4,1,750,NA,25,"Frau",2,10,"nein",30,"im Schnitt mehrfach pro Tag","keine Antwort",10,0,3,3,"5"
"139","03.03.2016 15:36:43","APW",2,2,1,4,3,2,3,3,2,2,NA,15,30,"Frau",3,30,"nein",24,"im Schnitt mehrfach pro Tag","passt insgesamt nicht",5,0.0434782608695652,2.4,2,"5"
"140","03.03.2016 15:36:48","",3,3,3,2,2,2,3,4,4,2,350,40,21,"Mann",2,3,"nein",50,"im Schnitt 1 Mal pro Monat","passt insgesamt",5,0,2.8,3,"2"
"141","03.03.2016 15:36:50","GFM",3,3,4,3,3,3,3,4,4,2,500,4,24,"Frau",3,NA,"nein",15,"im Schnitt mehrfach pro Tag","passt insgesamt",3,0,3.2,3,"5"
"142","03.03.2016 15:36:52","",3,3,1,4,3,3,4,3,3,3,NA,1,42,"Frau",3,10,"nein",NA,"im Schnitt 1 Mal pro Quartal (oder weniger)","passt insgesamt",3,0.0434782608695652,3,3,"1"
"143","03.03.2016 15:36:58","TPM",4,3,2,3,3,3,3,3,4,1,250,NA,21,"Frau",2,10,"nein",10,"im Schnitt mehrfach pro Tag","keine Antwort",6,0,2.9,3,"5"
"144","03.03.2016 15:37:01","LBB",1,1,3,1,2,1,2,2,1,3,300,10,23,"Frau",2,5,"nein",10,"im Schnitt mehrfach pro Tag","passt insgesamt",3,0,1.7,1.5,"5"
"145","03.03.2016 15:37:03","PSA",4,4,2,4,2,4,2,3,3,1,200,10,22,"Frau",2,NA,"nein",17,"im Schnitt 1 Mal pro Woche","keine Antwort",7,0,2.9,3,"3"
"146","03.03.2016 15:37:10","MEF",3,3,2,4,4,2,4,2,3,3,397,8,22,"Mann",4,5,"nein",10,"im Schnitt 1 Mal pro Woche","keine Antwort",5,0,3,3,"3"
"147","03.03.2016 15:37:10","CBF",4,4,2,3,3,4,3,3,3,1,233,0,23,"Frau",2,3,"nein",12,"im Schnitt mehrfach pro Tag","keine Antwort",4,0,3,3,"5"
"148","03.03.2016 15:37:11","jda",3,2,1,3,1,1,2,3,4,1,100,0,22,"Frau",1,60,"nein",10,"im Schnitt mehrfach pro Tag","passt insgesamt nicht",7,0,2.1,2,"5"
"149","03.03.2016 15:37:13","pcg",4,4,1,4,4,4,4,3,4,3,NA,10,21,"Frau",4,1,"nein",5,"","passt insgesamt",2,0.0434782608695652,3.5,4,NA
"150","03.03.2016 15:38:13","",3,3,4,2,2,2,4,4,4,2,480,106,24,"Mann",2,15,"ja",150,"im Schnitt mehrfach pro Tag","passt insgesamt",7,0,3,3,"5"
"151","03.03.2016 15:38:15","FWD",3,3,2,4,4,3,3,3,3,3,400,8,25,"Mann",3,5,"ja",18,"im Schnitt mehrfach pro Tag","keine Antwort",3,0,3.1,3,"5"
"152","03.03.2016 15:38:40","",3,3,2,3,3,3,3,4,4,2,519,4,22,"Frau",3,5,"nein",10,"im Schnitt 1 Mal pro Tag","passt insgesamt",3,0,3,3,"4"
"153","03.03.2016 15:39:31","",3,4,4,4,3,4,3,4,3,2,700,100,25,"Mann",3,NA,"ja",150,"im Schnitt mehrfach pro Tag","passt insgesamt",3,0,3.4,3.5,"5"
"154","03.03.2016 15:42:25","FWD",4,3,3,4,4,4,4,4,4,3,230,0,20,"Frau",4,5,"ja",20,"im Schnitt mehrfach pro Tag","passt insgesamt",2,0,3.7,4,"5"
"155","03.03.2016 20:10:44","",3,2,2,3,2,2,3,1,3,2,300,4,28,"Mann",3,10,"nein",2,"im Schnitt 1 Mal pro Woche","passt insgesamt nicht",5,0,2.3,2,"3"
"156","04.03.2016 11:35:22","DDP",3,3,1,3,3,3,3,2,4,1,214,3,24,"Frau",2,60,"nein",10,"im Schnitt mehrfach pro Tag","passt insgesamt nicht",6,0,2.6,3,"5"
"157","05.03.2016 09:45:51","",1,3,1,3,1,2,2,2,3,2,64,2,28,"Frau",2,12,"nein",10,"im Schnitt 1 Mal pro Woche","passt insgesamt nicht",5,0,2,2,"3"
"158","05.03.2016 09:54:07","HDE",3,2,1,2,2,1,3,1,3,1,NA,0,25,"Mann",3,5,"ja",10,"im Schnitt 1 Mal pro Woche","passt insgesamt",7,0.0434782608695652,1.9,2,"3"
"159","05.03.2016 09:55:14","",3,3,4,2,2,2,4,4,4,2,480,106,24,"Mann",2,15,"ja",150,"im Schnitt mehrfach pro Tag","passt insgesamt",7,0,3,3,"5"
"160","06.03.2016 12:28:29","JKF",3,3,1,3,3,3,2,2,4,2,3,5,34,"Frau",3,10,"nein",2,"im Schnitt mehrfach pro Tag","passt insgesamt",2,0,2.6,3,"5"
"161","06.03.2016 14:38:53","HEL",3,3,1,3,3,3,3,3,3,1,NA,NA,40,"Mann",1,NA,"ja",NA,"im Schnitt 1 Mal pro Tag","passt insgesamt nicht",NA,0.0869565217391304,2.6,3,"4"
"162","06.03.2016 23:25:24","ABM",2,4,3,3,3,3,3,3,3,2,350,2,25,"Frau",3,5,"ja",20,"im Schnitt mehrfach pro Tag","passt insgesamt",3,0,2.9,3,"5"
"163","07.03.2016 19:14:19","",4,4,2,4,4,3,4,4,4,2,300,4,22,"Frau",4,5,"ja",20,"im Schnitt 1 Mal pro Woche","passt insgesamt",2,0,3.5,4,"3"
"164","07.03.2016 19:14:35","",3,3,1,4,4,3,4,4,3,3,500,15,22,"Mann",4,2,"ja",12,"im Schnitt mehrfach pro Tag","passt insgesamt",2,0,3.2,3,"5"
"165","07.03.2016 19:14:37","NTD",4,2,3,4,4,4,4,4,4,2,900,0,22,"Mann",3,5,"ja",10,"im Schnitt mehrfach pro Tag","passt insgesamt",4,0,3.5,4,"5"
"166","07.03.2016 19:14:45","DBL",4,3,4,4,3,4,3,2,2,3,250,5,25,"Mann",3,15,"nein",5,"im Schnitt mehrfach pro Tag","keine Antwort",4,0,3.2,3,"5"
"167","07.03.2016 19:14:45","HWH",4,4,2,4,4,4,3,2,4,2,NA,2,23,"Frau",4,5,"ja",4,"im Schnitt 1 Mal pro Woche","passt insgesamt",2,0.0434782608695652,3.3,4,"3"
"168","07.03.2016 19:15:13","SMD",3,2,1,2,2,2,4,1,4,2,NA,0,24,"Mann",3,10,"ja",5,"im Schnitt mehrfach pro Tag","passt insgesamt",3,0.0434782608695652,2.3,2,"5"
"169","07.03.2016 19:15:14","",2,4,1,4,3,3,3,2,4,3,350,1,22,"Frau",3,10,"nein",5,"im Schnitt mehrfach pro Tag","passt insgesamt",1,0,2.9,3,"5"
"170","07.03.2016 19:15:18","MKB ",4,3,2,3,3,2,3,3,4,2,788,3,26,"Frau",3,2,"nein",15,"im Schnitt mehrfach pro Tag","passt insgesamt",2,0,2.9,3,"5"
"171","07.03.2016 19:15:22","VHD",4,4,3,4,4,4,3,4,4,3,600,8,25,"Frau",4,10,"ja",30,"im Schnitt mehrfach pro Tag","passt insgesamt",2,0,3.7,4,"5"
"172","07.03.2016 19:15:23","",3,3,1,3,3,3,2,3,4,3,25,1,27,"Frau",3,5,"nein",1,"im Schnitt mehrfach pro Tag","passt insgesamt nicht",3,0,2.8,3,"5"
"173","07.03.2016 19:15:27","MNA",3,3,3,3,3,3,2,3,3,2,1013,5,22,"Frau",2,20,"nein",10,"im Schnitt 1 Mal pro Woche","passt insgesamt",3,0,2.8,3,"3"
"174","07.03.2016 19:15:48","JPE",3,3,3,3,2,4,3,4,4,2,500,70,24,"Mann",3,10,"ja",80,"im Schnitt mehrfach pro Tag","passt insgesamt",2,0,3.1,3,"5"
"175","07.03.2016 19:15:49","CAF",3,4,3,4,4,4,2,3,3,3,NA,10,24,"Frau",4,20,"ja",20,"im Schnitt mehrfach pro Tag","passt insgesamt",1,0.0434782608695652,3.3,3,"5"
"176","07.03.2016 19:15:49","LTA",4,3,1,4,3,3,3,3,3,2,647,2,22,"Frau",3,5,"nein",15,"im Schnitt mehrfach pro Tag","passt insgesamt",2,0,2.9,3,"5"
"177","07.03.2016 19:15:55","",4,4,2,4,3,4,3,3,4,2,NA,3,23,"Frau",4,15,"nein",10,"im Schnitt mehrfach pro Tag","keine Antwort",2,0.0434782608695652,3.3,3.5,"5"
"178","07.03.2016 19:16:04","LTA",4,3,1,4,3,3,3,3,3,2,647,2,22,"Frau",3,5,"nein",15,"im Schnitt mehrfach pro Tag","passt insgesamt",2,0,2.9,3,"5"
"179","07.03.2016 19:16:40","CMH",4,3,2,4,4,3,4,4,4,4,NA,3,28,"Mann",4,1,"ja",25,"im Schnitt mehrfach pro Tag","passt insgesamt",2,0.0434782608695652,3.6,4,"5"
"180","07.03.2016 19:17:02","AED",3,3,1,2,2,3,2,3,2,1,100,NA,25,"Frau",2,NA,"nein",NA,"im Schnitt mehrfach pro Tag","passt insgesamt nicht",4,0,2.2,2,"5"
"181","07.03.2016 19:17:49","",4,4,2,3,3,4,3,4,4,2,0,15,23,"Mann",2,15,"nein",20,"im Schnitt 1 Mal pro Tag","passt insgesamt nicht",4,0,3.3,3.5,"4"
"182","07.03.2016 19:17:53","",3,3,1,3,4,3,3,3,3,2,228,6,23,"Frau",4,15,"nein",12,"im Schnitt 1 Mal pro Monat","passt insgesamt",NA,0.0434782608695652,2.8,3,"2"
"183","07.03.2016 19:18:32","mzz",3,3,1,3,3,3,3,4,3,2,NA,0,25,"Frau",3,5,"nein",5,"im Schnitt 1 Mal pro Tag","passt insgesamt",3,0.0434782608695652,2.8,3,"4"
"184","07.03.2016 20:30:21","HWH",4,4,2,4,4,4,3,2,4,2,NA,2,23,"Frau",4,5,"ja",4,"im Schnitt 1 Mal pro Woche","passt insgesamt",2,0.0434782608695652,3.3,4,"3"
"185","08.03.2016 07:35:21","",3,3,4,2,2,2,4,4,4,2,480,106,24,"Mann",2,15,"ja",150,"im Schnitt mehrfach pro Tag","passt insgesamt",NA,0.0434782608695652,3,3,"5"
"186","08.03.2016 13:03:10","AKL",3,3,2,3,3,3,3,3,4,2,425,80,23,"Mann",2,NA,"ja",100,"im Schnitt mehrfach pro Tag","",5,0,2.9,3,"5"
"187","08.03.2016 13:04:12","",3,3,1,3,4,3,3,3,3,1,NA,12,28,"Mann",NA,20,"ja",12,"im Schnitt 1 Mal pro Woche","passt insgesamt",NA,0.130434782608696,2.7,3,"3"
"188","08.03.2016 13:05:16","FFU",4,3,2,3,3,3,3,3,4,3,650,15,20,"Mann",2,NA,"ja",30,"im Schnitt mehrfach pro Tag","keine Antwort",2,0,3.1,3,"5"
"189","08.03.2016 13:06:55","RSR",4,4,2,4,4,4,4,4,4,2,NA,70,23,"Mann",4,NA,"ja",90,"im Schnitt mehrfach pro Tag","passt insgesamt",NA,0.0869565217391304,3.6,4,"5"
"190","08.03.2016 13:06:59","UBG",3,4,3,3,3,4,3,3,2,2,563,40,25,"Mann",3,NA,"ja",40,"im Schnitt mehrfach pro Tag","passt insgesamt",2,0,3,3,"5"
"191","08.03.2016 13:07:00","TAI",3,3,3,3,2,3,3,3,3,2,436,40,25,"Mann",3,NA,"ja",10,"im Schnitt 1 Mal pro Quartal (oder weniger)","passt insgesamt",3,0,2.8,3,"1"
"192","08.03.2016 13:07:01","CKH",3,3,2,2,2,3,2,2,4,1,400,0,24,"Frau",2,5,"nein",4,"im Schnitt mehrfach pro Tag","passt insgesamt nicht",4,0,2.4,2,"5"
"193","08.03.2016 13:07:13","DWW",4,4,3,4,3,3,3,3,3,4,350,24,24,"Mann",3,10,"nein",10,"im Schnitt 1 Mal pro Woche","passt insgesamt",2,0,3.4,3,"3"
"194","08.03.2016 13:07:21","FBB",4,3,1,4,3,3,3,3,4,3,250,9,23,"Mann",3,NA,"ja",NA,"im Schnitt 1 Mal pro Tag","passt insgesamt",3,0,3.1,3,"4"
"195","08.03.2016 13:07:21","SPK",3,4,1,2,2,2,3,2,1,1,35,0,22,"Frau",1,NA,"nein",4,"im Schnitt 1 Mal pro Woche","passt insgesamt",6,0,2.1,2,"3"
"196","08.03.2016 13:07:48","Per",3,3,3,2,3,3,2,3,3,2,NA,NA,24,"Frau",2,NA,"ja",NA,"im Schnitt mehrfach pro Tag","keine Antwort",3,0.0434782608695652,2.7,3,"5"
"197","08.03.2016 13:08:44","wbt",2,2,2,3,3,3,3,2,2,2,NA,1,37,"Frau",3,10,"nein",5,"","keine Antwort",4,0.0434782608695652,2.4,2,NA
"198","08.03.2016 21:57:52","HKG",4,4,2,3,3,3,3,4,4,2,350,30,30,"Frau",3,10,"ja",20,"im Schnitt mehrfach pro Tag","passt insgesamt",2,0,3.2,3,"5"
"199","09.03.2016 17:23:42","PDG",4,3,3,4,3,3,4,2,3,2,150,2,22,"Mann",3,40,"ja",2,"im Schnitt mehrfach pro Tag","keine Antwort",3,0,3.1,3,"5"
"200","09.03.2016 18:29:10","MSM",3,3,4,3,3,3,2,3,3,1,625,9,23,"Frau",1,10,"nein",48,"im Schnitt 1 Mal pro Quartal (oder weniger)","keine Antwort",4,0,2.8,3,"1"
"201","09.03.2016 20:32:20","",4,3,3,4,3,3,2,2,3,2,80,0,37,"Frau",1,50,"nein",3,"im Schnitt mehrfach pro Tag","passt insgesamt nicht",5,0,2.9,3,"5"
"202","09.03.2016 21:46:08","RNC",3,4,1,3,2,3,3,2,2,1,NA,1,25,"Frau",2,45,"nein",3,"im Schnitt 1 Mal pro Tag","keine Antwort",4,0.0434782608695652,2.4,2.5,"4"
"203","10.03.2016 21:04:10","JMF",3,3,1,3,2,3,3,2,4,2,NA,1,29,"Mann",2,5,"ja",10,"im Schnitt mehrfach pro Tag","keine Antwort",4,0.0434782608695652,2.6,3,"5"
"204","10.03.2016 21:04:34","JGW",4,4,1,3,3,3,3,3,3,2,215,1,28,"Frau",2,15,"nein",10,"im Schnitt mehrfach pro Tag","keine Antwort",4,0,2.9,3,"5"
"205","10.03.2016 22:11:50","ALV",3,2,4,3,2,3,4,3,4,3,157,10,24,"Frau",3,NA,"ja",20,"im Schnitt mehrfach pro Tag","passt insgesamt",3,0,3.1,3,"5"
"206","11.03.2016 20:01:45","",1,3,1,4,4,3,4,3,4,4,700,2,25,"Frau",4,5,"ja",5,"im Schnitt mehrfach pro Tag","passt insgesamt",1,0,3.1,3.5,"5"
"207","11.03.2016 20:02:17","KNB",4,4,2,4,4,3,4,4,4,3,300,3,21,"Frau",4,1,"ja",15,"im Schnitt mehrfach pro Tag","keine Antwort",1,0,3.6,4,"5"
"208","11.03.2016 20:02:41","RSL",3,4,2,4,3,4,3,3,4,4,250,0,23,"Frau",3,3,"ja",15,"im Schnitt 1 Mal pro Woche","passt insgesamt",2,0,3.4,3.5,"3"
"209","11.03.2016 20:02:42","JKL",4,4,4,4,4,4,3,4,4,4,600,6,21,"Frau",3,5,"ja",45,"im Schnitt 1 Mal pro Tag","passt insgesamt",1,0,3.9,4,"4"
"210","11.03.2016 20:02:43","JWW",4,4,1,4,4,4,4,2,3,3,300,1,23,"Frau",3,15,"ja",3,"im Schnitt 1 Mal pro Tag","passt insgesamt",1,0,3.3,4,"4"
"211","11.03.2016 20:02:57","GKF",4,4,4,3,3,3,3,4,4,1,300,5,21,"Frau",1,60,"nein",30,"im Schnitt 1 Mal pro Quartal (oder weniger)","passt insgesamt nicht",5,0,3.3,3.5,"1"
"212","11.03.2016 20:03:10","DGM",3,2,3,2,3,2,3,2,2,2,400,10,35,"Mann",1,20,"ja",10,"im Schnitt 1 Mal pro Woche","passt insgesamt nicht",3,0,2.4,2,"3"
"213","11.03.2016 20:03:12","Jwa",3,3,2,3,3,3,3,3,4,3,91,2,24,"Frau",3,10,"ja",10,"im Schnitt 1 Mal pro Woche","passt insgesamt",3,0,3,3,"3"
"214","11.03.2016 20:03:32","",3,3,2,3,3,3,3,3,3,3,300,4,25,"Frau",3,3,"ja",10,"im Schnitt 1 Mal pro Woche","passt insgesamt",2,0,2.9,3,"3"
"215","11.03.2016 20:03:49","",4,4,1,4,3,4,2,3,4,2,150,5,24,"Frau",3,180,"ja",10,"im Schnitt mehrfach pro Tag","keine Antwort",1,0,3.1,3.5,"5"
"216","11.03.2016 20:03:54","CLM",4,3,1,4,4,4,4,4,4,2,350,4,24,"Frau",3,3,"ja",12,"im Schnitt 1 Mal pro Tag","passt insgesamt",2,0,3.4,4,"4"
"217","11.03.2016 20:03:57","WSW",3,3,1,3,3,2,3,3,3,1,90,2,34,"Frau",3,30,"nein",24,"im Schnitt mehrfach pro Tag","passt insgesamt",3,0,2.5,3,"5"
"218","11.03.2016 20:04:03","",4,3,1,3,2,3,3,4,4,2,178,5,33,"Mann",2,15,"nein",20,"im Schnitt mehrfach pro Tag","passt insgesamt",2,0,2.9,3,"5"
"219","11.03.2016 20:04:09","KEI",4,4,1,3,3,3,2,3,3,1,200,4,29,"Frau",2,20,"nein",12,"im Schnitt 1 Mal pro Tag","passt insgesamt nicht",3,0,2.7,3,"4"
"220","11.03.2016 20:04:28","RPB",3,4,1,3,3,3,2,3,3,2,NA,2,38,"Frau",3,5,"nein",2,"im Schnitt 1 Mal pro Tag","passt insgesamt",3,0.0434782608695652,2.7,3,"4"
"221","11.03.2016 20:04:29","EKM",4,4,1,4,3,4,3,3,3,2,450,6,23,"",3,5,"nein",24,"im Schnitt 1 Mal pro Woche","keine Antwort",2,0,3.1,3,"3"
"222","11.03.2016 20:04:29","HFF",4,3,2,4,4,3,3,3,3,3,35,1,33,"Mann",4,30,"ja",5,"im Schnitt mehrfach pro Tag","passt insgesamt",1,0,3.2,3,"5"
"223","11.03.2016 20:04:47","SPB",3,3,3,3,3,2,4,3,3,2,200,5,29,"Frau",4,15,"nein",20,"im Schnitt mehrfach pro Tag","passt insgesamt",1,0,2.9,3,"5"
"224","11.03.2016 20:04:58","gam",4,4,2,3,2,3,4,4,4,1,250,2,26,"Frau",2,3,"nein",30,"im Schnitt mehrfach pro Tag","passt insgesamt nicht",5,0,3.1,3.5,"5"
"225","11.03.2016 20:05:09","DRR",3,3,1,3,3,3,2,3,3,2,NA,3,37,"Frau",2,35,"nein",10,"im Schnitt 1 Mal pro Woche","keine Antwort",4,0.0434782608695652,2.6,3,"3"
"226","11.03.2016 20:05:30","Shr ",4,3,4,3,3,3,4,4,3,3,370,20,25,"Frau",3,10,"ja",25,"im Schnitt mehrfach pro Tag","passt insgesamt",2,0,3.4,3,"5"
"227","11.03.2016 20:05:36","YUM",4,4,1,3,3,3,2,2,3,1,100,3,25,"Frau",2,15,"nein",2,"im Schnitt 1 Mal pro Woche","keine Antwort",4,0,2.6,3,"3"
"228","11.03.2016 20:06:01","WKM",3,3,3,3,3,3,3,3,3,2,200,3,23,"Frau",2,NA,"nein",10,"im Schnitt mehrfach pro Tag","passt insgesamt",5,0,2.9,3,"5"
"229","12.03.2016 10:12:26","AAD",3,2,1,4,3,1,2,1,2,1,NA,0,19,"Frau",1,20,"nein",0,"","passt insgesamt",6,0.0434782608695652,2,2,NA
"230","14.03.2016 20:38:48","Rwe",3,3,1,3,3,3,4,3,4,4,NA,3,36,"Mann",3,15,"nein",20,"im Schnitt 1 Mal pro Woche","keine Antwort",2,0.0434782608695652,3.1,3,"3"
"231","15.03.2016 07:39:10","",3,3,4,2,2,2,4,4,4,2,480,106,24,"Mann",2,15,"ja",150,"im Schnitt mehrfach pro Tag","passt insgesamt",NA,0.0434782608695652,3,3,"5"
"232","15.03.2016 17:37:25","RHF",3,3,3,3,3,4,3,2,4,1,NA,1,29,"Frau",3,30,"ja",10,"im Schnitt mehrfach pro Tag","passt insgesamt nicht",4,0.0434782608695652,2.9,3,"5"
"233","17.03.2016 11:48:40","",3,3,1,3,3,2,3,3,3,2,555,10,22,"Frau",2,15,"nein",20,"im Schnitt mehrfach pro Tag","passt insgesamt nicht",4,0,2.6,3,"5"
"234","17.03.2016 13:15:39","JAD",4,4,2,4,3,2,2,4,4,2,NA,12,33,"Frau",2,30,"nein",24,"im Schnitt mehrfach pro Tag","passt insgesamt nicht",4,0.0434782608695652,3.1,3.5,"5"
"235","19.03.2016 13:33:17","",4,4,1,4,4,4,3,4,4,4,NA,5,32,"Frau",4,5,"ja",30,"im Schnitt 1 Mal pro Woche","passt insgesamt",1,0.0434782608695652,3.6,4,"3"
"236","19.03.2016 14:43:08","HMD",3,4,1,3,4,4,3,4,3,3,150,0,39,"Mann",4,1,"ja",12,"im Schnitt 1 Mal pro Quartal (oder weniger)","passt insgesamt",2,0,3.2,3,"1"
"237","19.03.2016 14:43:13","SKS",2,2,1,2,2,2,3,2,3,2,NA,NA,31,"Frau",3,10,"ja",4,"im Schnitt mehrfach pro Tag","passt insgesamt",2,0.0434782608695652,2.1,2,"5"
"238","19.03.2016 15:01:13","RBL",4,4,1,4,4,4,3,3,3,3,NA,0,42,"Mann",3,10,"ja",5,"im Schnitt 1 Mal pro Woche","passt insgesamt",1,0.0434782608695652,3.3,3.5,"3"
"239","19.03.2016 17:11:55","MKH",4,2,2,4,4,3,3,4,3,1,400,4,25,"Frau",3,1,"ja",15,"im Schnitt 1 Mal pro Monat","passt insgesamt",2,0,3,3,"2"
"240","20.03.2016 21:58:30","WAP",3,2,1,2,3,3,2,1,2,1,300,0,19,"Mann",2,30,"ja",1,"","passt insgesamt",4,0,2,2,NA
"241","21.03.2016 14:46:17","JNM",4,4,1,4,3,3,3,4,4,3,800,3,22,"Frau",3,15,"ja",18,"im Schnitt 1 Mal pro Woche","passt insgesamt",3,0,3.3,3.5,"3"
"242","21.03.2016 14:46:19","MSL",4,4,2,3,3,4,3,4,4,2,1200,5,20,"Frau",NA,15,"nein",30,"","passt insgesamt",3,0.0434782608695652,3.3,3.5,NA
"243","21.03.2016 14:51:48","tpb",2,1,1,2,2,1,3,3,4,1,40,0,18,"Frau",2,5,"ja",6,"","",5,0,2,2,NA
"244","21.03.2016 14:52:43","",3,1,2,3,3,2,4,2,3,2,500,5,20,"Mann",3,20,"nein",15,"im Schnitt 1 Mal pro Woche","passt insgesamt nicht",4,0,2.5,2.5,"3"
"245","21.03.2016 14:53:19","MBU",3,3,4,3,3,3,3,4,4,3,500,10,18,"",2,30,"nein",30,"im Schnitt 1 Mal pro Woche","passt insgesamt",2,0,3.3,3,"3"
"246","21.03.2016 14:53:30","WKM",3,3,1,3,2,2,2,1,3,1,200,0,19,"Frau",1,5,"nein",1,"","keine Antwort",4,0,2.1,2,NA
"247","21.03.2016 14:53:58","",2,1,2,3,3,1,2,1,4,1,300,4,27,"Mann",3,30,"ja",2,"im Schnitt 1 Mal pro Quartal (oder weniger)","passt insgesamt nicht",5,0,2,2,"1"
"248","21.03.2016 14:54:29","",4,2,1,3,4,3,3,4,4,2,180,6,20,"Mann",4,30,"ja",20,"im Schnitt 1 Mal pro Woche","passt insgesamt",3,0,3,3,"3"
"249","21.03.2016 14:54:30","KKO",4,3,2,3,3,3,3,3,4,3,477,3,18,"Frau",2,5,"nein",37,"im Schnitt 1 Mal pro Woche","keine Antwort",2,0,3.1,3,"3"
"250","21.03.2016 14:54:44","",3,2,1,3,3,3,2,2,2,1,450,0,19,"Frau",2,30,"ja",10,"im Schnitt 1 Mal pro Woche","passt insgesamt",4,0,2.2,2,"3"
"251","21.03.2016 14:54:46","",3,2,1,4,4,4,3,3,4,2,60,1,26,"Frau",2,NA,"nein",3,"im Schnitt 1 Mal pro Monat","passt insgesamt nicht",2,0,3,3,"2"
"252","21.03.2016 14:54:57","",4,3,1,3,4,3,3,3,3,3,1200,10,20,"Mann",4,5,"nein",20,"im Schnitt mehrfach pro Tag","passt insgesamt",2,0,3,3,"5"
"253","21.03.2016 14:55:19","JTO",3,3,3,2,2,3,2,3,3,2,356,2,19,"Frau",2,60,"nein",25,"","passt insgesamt nicht",4,0,2.6,3,NA
"254","21.03.2016 14:55:33","MSE",3,3,3,3,2,3,4,3,4,2,170,0,18,"Frau",2,120,"nein",10,"im Schnitt 1 Mal pro Quartal (oder weniger)","keine Antwort",2,0,3,3,"1"
"255","21.03.2016 14:55:35","",3,4,3,4,3,4,3,3,3,2,1100,0,21,"Mann",3,10,"ja",7,"","keine Antwort",3,0,3.2,3,NA
"256","21.03.2016 15:02:52","GPO",4,4,3,4,4,2,4,4,4,2,2222,6,18,"Frau",3,2,"ja",20,"im Schnitt 1 Mal pro Woche","passt insgesamt",3,0,3.5,4,"3"
"257","21.03.2016 15:21:09","TMM",3,4,3,4,4,3,4,3,4,4,800,10,20,"Frau",3,10,"ja",20,"","passt insgesamt",2,0,3.6,4,NA
"258","21.03.2016 15:21:39","",3,3,1,4,2,2,4,4,2,2,200,50,24,"Mann",3,5,"ja",40,"Nö","passt insgesamt",2,0,2.7,2.5,"0"
"259","21.03.2016 15:21:44","HBM",3,2,3,2,2,2,2,3,3,2,341,3,19,"Mann",2,30,"nein",4,"im Schnitt 1 Mal pro Woche","passt insgesamt",4,0,2.4,2,"3"
"260","21.03.2016 15:21:50","",4,3,1,4,3,3,3,4,4,2,0,50,24,"Mann",2,10,"nein",50,"im Schnitt 1 Mal pro Woche","passt insgesamt",3,0,3.1,3,"3"
"261","21.03.2016 15:22:32","",4,4,3,3,4,3,3,4,3,4,618,50,20,"Mann",2,10,"nein",50,"im Schnitt 1 Mal pro Quartal (oder weniger)","passt insgesamt",1,0,3.5,3.5,"1"
"262","21.03.2016 15:22:36","",4,3,2,4,4,3,4,4,4,3,326,40,22,"Frau",3,5,"ja",60,"im Schnitt mehrfach pro Tag","passt insgesamt",2,0,3.5,4,"5"
"263","21.03.2016 15:22:47","MHL",3,4,2,4,3,4,3,2,3,2,327,2,20,"Mann",4,5,"ja",2,"im Schnitt 1 Mal pro Woche","passt insgesamt",3,0,3,3,"3"
"264","21.03.2016 15:22:50","IPM",3,3,1,4,3,3,3,2,3,1,NA,0,20,"Frau",2,10,"nein",8,"im Schnitt 1 Mal pro Tag","passt insgesamt nicht",3,0.0434782608695652,2.6,3,"4"
"265","21.03.2016 15:22:55","",3,3,4,3,3,3,3,4,4,3,876,30,20,"Mann",3,5,"nein",50,"im Schnitt mehrfach pro Tag","passt insgesamt",2,0,3.3,3,"5"
"266","21.03.2016 15:23:09","",3,2,1,3,3,3,3,3,3,3,25,30,19,"Frau",3,5,"nein",30,"im Schnitt mehrfach pro Tag","keine Antwort",2,0,2.7,3,"5"
"267","21.03.2016 15:23:34","UNF",4,3,1,3,3,3,4,4,4,3,150,40,19,"Frau",2,7,"nein",40,"im Schnitt 1 Mal pro Monat","passt insgesamt nicht",5,0,3.2,3,"2"
"268","21.03.2016 15:23:53","DGG",3,3,1,4,4,3,3,2,4,4,600,2,21,"Mann",3,5,"ja",12,"im Schnitt mehrfach pro Tag","passt insgesamt",1,0,3.1,3,"5"
"269","21.03.2016 15:24:04","GLM",3,3,1,2,2,3,1,4,3,1,NA,12,19,"Frau",1,5,"nein",35,"","",3,0.0434782608695652,2.3,2.5,NA
"270","21.03.2016 15:25:00","PKM",3,2,2,2,2,2,2,2,2,2,257,0,19,"Frau",2,NA,"ja",NA,"","passt insgesamt nicht",3,0,2.1,2,NA
"271","21.03.2016 15:25:39","partymaus21",4,3,1,4,3,3,3,3,4,3,450,12,21,"Frau",3,7,"nein",30,"im Schnitt 1 Mal pro Woche","keine Antwort",2,0,3.1,3,"3"
"272","21.03.2016 15:26:32","Cfl",4,4,2,3,4,3,3,2,3,1,350,NA,20,"Frau",3,2,"nein",2,"im Schnitt 1 Mal pro Quartal (oder weniger)","passt insgesamt",2,0,2.9,3,"1"
"273","21.03.2016 15:26:45","UWM",2,3,2,2,2,1,3,2,4,2,140,1,21,"Frau",1,10,"nein",8,"im Schnitt mehrfach pro Tag","passt insgesamt",4,0,2.3,2,"5"
"274","21.03.2016 15:27:03","tpp",4,4,2,3,4,4,3,4,4,4,618,50,20,"Mann",3,NA,"nein",NA,"im Schnitt 1 Mal pro Quartal (oder weniger)","passt insgesamt",1,0,3.6,4,"1"
"275","21.03.2016 15:27:50","Theresa_Thess",4,4,2,4,4,2,4,4,4,3,327,40,22,"Frau",3,5,"ja",50,"im Schnitt mehrfach pro Tag","passt insgesamt",2,0,3.5,4,"5"
"276","21.03.2016 15:31:18","hmm",4,4,3,4,4,4,4,4,3,3,520,3,18,"Frau",4,3,"ja",33,"im Schnitt 1 Mal pro Woche","keine Antwort",2,0,3.7,4,"3"
"277","21.03.2016 15:32:38","GPM",4,4,3,4,3,4,2,4,4,2,320,10,21,"Frau",3,10,"nein",30,"im Schnitt 1 Mal pro Woche","passt insgesamt",2,0,3.4,4,"3"
"278","21.03.2016 18:37:49","HKB",3,2,1,3,3,2,2,1,3,4,NA,0,54,"Mann",3,7,"ja",0,"im Schnitt mehrfach pro Tag","passt insgesamt",3,0.0434782608695652,2.4,2.5,"5"
"279","21.03.2016 22:25:11","GPO",4,4,3,4,4,2,4,4,4,2,2222,6,18,"Frau",3,2,"ja",20,"im Schnitt 1 Mal pro Woche","passt insgesamt",3,0,3.5,4,"3"
"280","21.03.2016 22:53:51","HMM",4,3,1,4,3,3,4,3,4,1,NA,5,34,"Frau",2,30,"nein",5,"im Schnitt 1 Mal pro Woche","keine Antwort",4,0.0434782608695652,3,3,"3"
"281","23.03.2016 09:59:36","MIB",2,1,4,1,1,1,1,2,1,2,385,2,24,"Frau",4,5,"ja",30,"im Schnitt 1 Mal pro Woche","passt insgesamt",2,0,1.6,1,"3"
"282","29.03.2016 10:19:54","BKF",3,4,3,4,3,3,3,3,4,2,100,2,23,"Frau",3,10,"ja",25,"im Schnitt 1 Mal pro Woche","passt insgesamt",3,0,3.2,3,"3"
"283","30.03.2016 14:06:32","LOL",3,4,1,4,4,3,4,4,4,4,875,50,20,"Mann",4,3,"nein",52,"0","passt insgesamt",2,0,3.5,4,"0"
"284","30.03.2016 14:06:51","KLÖ",3,2,3,3,3,2,2,2,2,3,NA,2,20,"Mann",3,2,"ja",4,"im Schnitt 1 Mal pro Woche","passt insgesamt nicht",4,0.0434782608695652,2.5,2.5,"3"
"285","30.03.2016 14:07:23","",4,3,1,3,3,3,3,4,4,3,300,15,19,"Frau",3,10,"nein",17,"im Schnitt 1 Mal pro Woche","passt insgesamt nicht",4,0,3.1,3,"3"
"286","30.03.2016 14:07:30","",4,4,1,3,3,3,3,4,3,2,200,40,20,"Mann",3,5,"nein",40,"im Schnitt 1 Mal pro Woche","keine Antwort",3,0,3,3,"3"
"287","30.03.2016 14:07:41","JCW",4,3,2,3,4,3,3,4,4,3,454,8,31,"Mann",3,5,"ja",36,"im Schnitt 1 Mal pro Woche","passt insgesamt",2,0,3.3,3,"3"
"288","30.03.2016 14:08:14","RRS",4,3,2,4,4,3,2,3,4,3,300,3,19,"Frau",3,10,"ja",35,"im Schnitt mehrfach pro Tag","passt insgesamt",2,0,3.2,3,"5"
"289","30.03.2016 14:08:27","",4,4,1,3,3,3,3,3,3,2,250,48,21,"Mann",2,5,"nein",48,"","passt insgesamt",3,0,2.9,3,NA
"290","30.03.2016 14:09:17","TFK",3,4,3,4,3,3,4,3,3,1,332,0,19,"Frau",3,10,"ja",8,"","keine Antwort",4,0,3.1,3,NA
"291","30.03.2016 14:09:19","ABC",4,4,3,3,3,3,3,3,3,2,250,10,22,"Mann",2,10,"nein",40,"0","passt insgesamt nicht",2,0,3.1,3,"0"
"292","30.03.2016 14:09:34","HSK",3,3,1,3,4,3,3,2,4,2,120,2,19,"Frau",2,20,"nein",5,"im Schnitt 1 Mal pro Woche","passt insgesamt",2,0,2.8,3,"3"
"293","30.03.2016 14:09:48","asz",3,1,3,4,4,3,2,4,4,2,300,20,20,"Mann",2,1,"nein",20,"im Schnitt 1 Mal pro Woche","passt insgesamt",4,0,3,3,"3"
"294","30.03.2016 14:09:53","",4,4,2,3,3,4,3,4,4,3,471,1,20,"Frau",3,2,"ja",20,"im Schnitt 1 Mal pro Woche","keine Antwort",3,0,3.4,3.5,"3"
"295","30.03.2016 14:09:57","KFW",3,3,4,4,3,3,3,3,4,2,560,2,24,"Frau",4,5,"ja",20,"im Schnitt 1 Mal pro Tag","passt insgesamt nicht",4,0,3.2,3,"4"
"296","30.03.2016 14:10:27","GYK",3,3,2,2,2,3,3,4,2,2,NA,3,20,"Mann",2,1,"nein",10,"im Schnitt 1 Mal pro Woche","passt insgesamt nicht",5,0.0434782608695652,2.6,2.5,"3"
"297","30.03.2016 14:10:28","JSM",3,2,1,4,4,2,3,3,4,2,500,NA,19,"Frau",2,5,"ja",30,"","passt insgesamt",2,0,2.8,3,NA
"298","30.03.2016 14:10:38","NAO",4,3,1,3,3,3,3,2,4,2,717,2,18,"Frau",3,15,"ja",24,"im Schnitt 1 Mal pro Woche","keine Antwort",2,0,2.8,3,"3"
"299","30.03.2016 14:10:53","",3,2,2,3,3,3,3,3,3,2,490,12,22,"Mann",3,15,"nein",20,"habe keine Kunden","passt insgesamt",4,0,2.7,3,"0"
"300","30.03.2016 14:11:01","JLB",3,3,1,3,2,3,3,4,4,1,485,0,21,"Frau",2,2,"nein",20,"im Schnitt 1 Mal pro Monat","passt insgesamt nicht",2,0,2.7,3,"2"
"301","30.03.2016 14:11:18","AWD",4,4,1,4,4,3,4,4,3,1,410,20,20,"Frau",2,15,"ja",30,"im Schnitt mehrfach pro Tag","passt insgesamt",2,0,3.2,4,"5"
"302","30.03.2016 14:11:41","RDE",1,2,2,3,4,3,3,3,4,2,300,2,19,"Frau",2,10,"ja",20,"im Schnitt 1 Mal pro Woche","passt insgesamt",4,0,2.7,3,"3"
"303","31.03.2016 12:35:59","",4,2,2,3,2,3,4,3,4,4,245,0,21,"Mann",2,5,"nein",5,"im Schnitt 1 Mal pro Monat","passt insgesamt nicht",4,0,3.1,3,"2"
"304","31.03.2016 12:36:14","",4,2,2,3,2,3,4,3,4,4,245,0,21,"Mann",2,5,"nein",5,"im Schnitt 1 Mal pro Monat","passt insgesamt nicht",4,0,3.1,3,"2"
"305","31.03.2016 12:36:32","",4,2,2,3,2,3,4,3,4,4,245,0,21,"Mann",2,5,"nein",5,"im Schnitt 1 Mal pro Monat","passt insgesamt nicht",4,0,3.1,3,"2"
"306","10.04.2016 20:14:58","",2,2,2,3,2,2,3,2,2,3,NA,0,19,"Frau",2,40,"nein",15,"keinen","keine Antwort",4,0.0434782608695652,2.3,2,"0"
"307","23.04.2016 11:59:56","",3,2,1,2,2,3,2,2,3,1,59,0,34,"Mann",2,NA,"",NA,"im Schnitt mehrfach pro Tag","passt insgesamt nicht",5,0,2.1,2,"5"
"308","23.04.2016 12:01:05","RLK",3,4,1,3,3,3,2,2,3,1,321,0,24,"Frau",3,10,"nein",10,"im Schnitt mehrfach pro Tag","passt insgesamt",3,0,2.5,3,"5"
"309","23.04.2016 12:01:10","",4,4,2,3,3,4,4,3,3,2,NA,2,26,"Mann",2,10,"nein",8,"im Schnitt 1 Mal pro Tag","passt insgesamt",2,0.0434782608695652,3.2,3,"4"
"310","23.04.2016 12:01:11","HBS",3,4,2,3,3,4,3,4,4,2,290,5,23,"Mann",3,10,"nein",20,"im Schnitt 1 Mal pro Woche","keine Antwort",2,0,3.2,3,"3"
"311","23.04.2016 12:01:23","MBK",1,2,2,2,2,2,2,1,2,2,1000,24,23,"Mann",2,1,"ja",36,"im Schnitt 1 Mal pro Tag","passt insgesamt",2,0,1.8,2,"4"
"312","23.04.2016 12:01:27","Fud",3,3,1,4,4,2,4,4,3,4,800,1,23,"Frau",4,2,"ja",2,"im Schnitt mehrfach pro Tag","passt insgesamt",1,0,3.2,3.5,"5"
"313","23.04.2016 12:01:39","",3,3,1,4,3,3,4,4,4,2,700,35,24,"Mann",4,NA,"ja",NA,"im Schnitt 1 Mal pro Tag","passt insgesamt",4,0,3.1,3,"4"
"314","23.04.2016 12:01:48","FKM",4,4,3,3,3,3,3,3,3,2,400,20,24,"Mann",3,5,"nein",20,"im Schnitt mehrfach pro Tag","keine Antwort",2,0,3.1,3,"5"
"315","23.04.2016 12:01:51","",4,2,3,4,4,4,3,1,3,2,307,0,28,"Mann",3,5,"ja",2,"nie","passt insgesamt nicht",1,0,3,3,"0"
"316","23.04.2016 12:01:59","",3,3,1,2,3,3,2,1,3,NA,125,0,37,"Mann",2,120,"nein",1,"im Schnitt mehrfach pro Tag","passt insgesamt",NA,0.0869565217391304,2.33333333333333,3,"5"
"317","23.04.2016 12:02:00","",4,3,2,3,3,4,3,3,4,2,650,20,25,"Mann",3,1,"ja",25,"im Schnitt mehrfach pro Tag","passt insgesamt",2,0,3.1,3,"5"
"318","23.04.2016 12:02:10","",3,3,2,2,3,3,3,3,3,3,341,3,23,"Mann",2,10,"ja",15,"im Schnitt mehrfach pro Tag","passt insgesamt nicht",4,0,2.8,3,"5"
"319","23.04.2016 12:02:11","Ueh",3,2,1,2,2,2,2,2,4,2,35,2,29,"Mann",2,NA,"",NA,"im Schnitt 1 Mal pro Quartal (oder weniger)","passt insgesamt",3,0,2.2,2,"1"
"320","23.04.2016 12:02:15","MLD",3,3,3,4,4,3,3,3,3,3,750,4,25,"Mann",4,1,"ja",16,"im Schnitt mehrfach pro Tag","passt insgesamt",3,0,3.2,3,"5"
"321","23.04.2016 12:02:16","KTE",2,2,1,2,2,1,3,1,3,3,280,0,33,"Mann",3,10,"ja",0,"im Schnitt 1 Mal pro Monat","passt insgesamt",2,0,2,2,"2"
"322","23.04.2016 12:02:20","WDB",4,4,1,4,3,4,3,2,4,2,10,1,27,"Frau",3,30,"nein",2,"im Schnitt mehrfach pro Tag","passt insgesamt",1,0,3.1,3.5,"5"
"323","23.04.2016 12:02:21","WMW",3,3,1,4,3,3,3,3,3,3,NA,10,31,"Frau",3,5,"ja",25,"im Schnitt 1 Mal pro Quartal (oder weniger)","passt insgesamt",2,0.0434782608695652,2.9,3,"1"
"324","23.04.2016 12:02:23","HGB",3,2,1,4,3,3,2,1,2,3,120,2,30,"Mann",4,5,"ja",5,"im Schnitt mehrfach pro Tag","keine Antwort",2,0,2.4,2.5,"5"
"325","23.04.2016 12:02:30","PBW",3,3,1,2,1,2,2,2,3,1,200,2,26,"Mann",1,0,"nein",5,"im Schnitt 1 Mal pro Quartal (oder weniger)","passt insgesamt",5,0,2,2,"1"
"326","23.04.2016 12:02:31","WRB",3,3,1,2,2,2,2,2,3,1,NA,5,29,"Mann",1,5,"nein",8,"im Schnitt mehrfach pro Tag","passt insgesamt nicht",5,0.0434782608695652,2.1,2,"5"
"327","23.04.2016 12:02:42","",3,3,2,3,3,3,3,4,4,2,340,5,24,"Mann",2,15,"ja",12,"im Schnitt mehrfach pro Tag","passt insgesamt",2,0,3,3,"5"
"328","23.04.2016 12:02:49","HBN",3,3,2,3,3,3,2,2,3,2,650,4,26,"Mann",3,15,"ja",6,"im Schnitt mehrfach pro Tag","passt insgesamt",4,0,2.6,3,"5"
"329","23.04.2016 12:02:52","WKL",3,3,2,4,3,2,3,2,3,3,150,1,28,"Frau",3,5,"nein",1,"im Schnitt mehrfach pro Tag","passt insgesamt",2,0,2.8,3,"5"
"330","23.04.2016 12:02:54","",4,3,2,4,4,3,3,4,4,3,493,20,27,"Mann",3,10,"ja",40,"im Schnitt mehrfach pro Tag","passt insgesamt",2,0,3.4,3.5,"5"
"331","23.04.2016 12:03:05","",4,4,1,4,4,3,3,4,4,2,150,5,31,"Frau",2,5,"ja",20,"im Schnitt 1 Mal pro Tag","passt insgesamt",3,0,3.3,4,"4"
"332","23.04.2016 12:03:08","JKN",4,3,3,4,4,3,4,3,3,3,895,2,28,"Mann",3,5,"ja",50,"im Schnitt mehrfach pro Tag","passt insgesamt",2,0,3.4,3,"5"
"333","23.04.2016 12:03:10","KKA",4,4,2,4,3,4,4,4,4,1,150,6,27,"Frau",3,5,"nein",24,"im Schnitt mehrfach pro Tag","passt insgesamt",2,0,3.4,4,"5"
"334","23.04.2016 12:03:11","EWP",2,1,2,2,2,3,2,1,2,1,NA,0,31,"Mann",1,120,"nein",0,"im Schnitt 1 Mal pro Quartal (oder weniger)","passt insgesamt nicht",2,0.0434782608695652,1.8,2,"1"
"335","23.04.2016 12:03:15","ASW",4,3,2,4,4,3,3,1,4,2,150,0,26,"Frau",3,20,"nein",0,"Nie","passt insgesamt",3,0,3,3,"0"
"336","23.04.2016 12:03:21","PGT",3,2,1,3,3,3,3,2,3,2,500,1,31,"Mann",3,3,"ja",5,"im Schnitt mehrfach pro Tag","passt insgesamt",3,0,2.5,3,"5"
"337","23.04.2016 12:03:22","KHD",3,3,2,2,3,3,3,3,3,2,50,1,27,"Mann",2,10,"nein",5,"im Schnitt 1 Mal pro Woche","passt insgesamt nicht",5,0,2.7,3,"3"
"338","23.04.2016 12:03:31","GUD",4,3,2,3,3,3,3,3,3,2,120,10,24,"Mann",2,NA,"ja",NA,"im Schnitt 1 Mal pro Monat","passt insgesamt",5,0,2.9,3,"2"
"339","23.04.2016 12:03:34","MRH",3,4,3,2,2,4,2,1,2,1,480,0,28,"Mann",2,10,"ja",10,"im Schnitt mehrfach pro Tag","passt insgesamt nicht",4,0,2.4,2,"5"
"340","23.04.2016 12:03:39","GSW",3,3,3,4,4,3,3,3,3,3,600,1,25,"Frau",4,15,"ja",20,"im Schnitt 1 Mal pro Quartal (oder weniger)","passt insgesamt",2,0,3.2,3,"1"
"341","23.04.2016 12:03:45","",3,3,3,3,4,3,4,2,2,3,NA,2,30,"Mann",3,5,"ja",5,"im Schnitt mehrfach pro Tag","passt insgesamt",3,0.0434782608695652,3,3,"5"
"342","23.04.2016 12:03:55","",3,3,3,2,2,3,3,2,3,1,NA,2,26,"Frau",2,30,"nein",12,"im Schnitt 1 Mal pro Woche","passt insgesamt nicht",3,0.0434782608695652,2.5,3,"3"
"343","23.04.2016 12:03:59","",4,4,3,3,3,4,3,4,4,2,300,1,28,"Mann",3,15,"nein",24,"im Schnitt 1 Mal pro Woche","passt insgesamt",2,0,3.4,3.5,"3"
"344","23.04.2016 12:04:06","UGD",3,3,2,4,3,2,4,2,3,3,130,1,28,"Mann",3,10,"ja",5,"im Schnitt mehrfach pro Tag","keine Antwort",2,0,2.9,3,"5"
"345","23.04.2016 12:04:07","TBU",3,2,2,3,3,3,3,4,4,2,500,2,23,"Frau",2,15,"nein",30,"im Schnitt 1 Mal pro Woche","passt insgesamt nicht",4,0,2.9,3,"3"
"346","23.04.2016 12:04:21","FDV",4,3,3,4,3,3,3,3,4,2,300,2,24,"Mann",3,NA,"ja",15,"im Schnitt 1 Mal pro Woche","keine Antwort",4,0,3.2,3,"3"
"347","23.04.2016 12:04:24","HSN",3,3,1,2,2,2,1,2,4,2,500,2,25,"Mann",2,15,"nein",25,"im Schnitt 1 Mal pro Tag","passt insgesamt",4,0,2.2,2,"4"
"348","23.04.2016 12:04:44","RGH",4,4,1,3,3,3,2,3,3,2,400,1,27,"Frau",3,10,"nein",7,"im Schnitt mehrfach pro Tag","passt insgesamt",2,0,2.8,3,"5"
"349","23.04.2016 12:04:46","",3,3,2,4,2,3,3,2,4,1,NA,5,29,"Mann",1,NA,"ja",NA,"im Schnitt 1 Mal pro Tag","passt insgesamt",3,0.0434782608695652,2.7,3,"4"
"350","23.04.2016 12:05:19","MPH",3,2,1,4,4,2,4,4,4,3,650,20,24,"Mann",3,30,"ja",25,"im Schnitt mehrfach pro Tag","passt insgesamt",3,0,3.1,3.5,"5"
"351","23.04.2016 12:05:39","Wbl ",4,4,3,3,3,4,3,3,4,2,330,0,26,"Mann",4,2,"nein",14,"im Schnitt mehrfach pro Tag","passt insgesamt nicht",4,0,3.3,3,"5"
"352","23.04.2016 12:05:44","",1,4,4,3,3,4,4,3,4,3,NA,NA,NA,"Mann",3,NA,"ja",NA,"im Schnitt mehrfach pro Tag","passt insgesamt",2,0.0869565217391304,3.3,3.5,"5"
"353","23.04.2016 12:05:48","",3,3,1,2,2,2,3,4,3,2,388,10,25,"Mann",2,NA,"nein",10,"im Schnitt 1 Mal pro Quartal (oder weniger)","passt insgesamt",5,0,2.5,2.5,"1"
"354","23.04.2016 12:06:20","",3,3,2,4,4,4,3,2,4,2,40,1,30,"Mann",3,5,"ja",1,"im Schnitt mehrfach pro Tag","passt insgesamt",3,0,3.1,3,"5"
"355","23.04.2016 12:06:28","RKD",4,4,1,3,3,4,3,4,4,3,250,10,35,"Mann",3,5,"nein",25,"im Schnitt 1 Mal pro Tag","passt insgesamt",2,0,3.3,3.5,"4"
"356","23.04.2016 12:06:41","SGW",4,4,1,3,3,4,3,3,3,2,200,5,23,"Frau",3,15,"nein",5,"im Schnitt 1 Mal pro Tag","passt insgesamt",4,0,3,3,"4"
"357","23.04.2016 12:06:50","Pso",3,3,1,2,2,1,2,3,3,1,NA,0,27,"Frau",2,120,"nein",20,"im Schnitt 1 Mal pro Quartal (oder weniger)","passt insgesamt nicht",4,0.0434782608695652,2.1,2,"1"
"358","03.05.2016 11:09:54","",3,3,2,3,2,2,3,3,3,3,NA,30,28,"Mann",3,20,"nein",40,"im Schnitt 1 Mal pro Quartal (oder weniger)","keine Antwort",3,0.0434782608695652,2.7,3,"1"
"359","09.05.2016 22:10:00","RWM",3,3,3,3,2,3,3,3,2,2,436,10,27,"Mann",2,10,"nein",20,"im Schnitt 1 Mal pro Quartal (oder weniger)","passt insgesamt",4,0,2.7,3,"1"
"360","16.05.2016 11:36:04","",3,3,2,3,4,2,3,2,3,2,246,1,25,"Mann",3,2,"nein",4,"Telfonisch täglich, Face to Face 1xWoche","passt insgesamt",3,0,2.7,3,"5"
"361","20.05.2016 11:07:32","KNB",4,3,1,4,4,4,3,4,4,2,400,2,21,"Frau",4,5,"ja",10,"im Schnitt mehrfach pro Tag","passt insgesamt",2,0,3.3,4,"5"
"362","02.06.2016 15:28:01","HLS",3,3,1,4,4,2,2,4,2,2,80,0,37,"Frau",2,1,"nein",1,"im Schnitt mehrfach pro Tag","passt insgesamt",3,0,2.7,2.5,"5"
"363","17.06.2016 22:37:44","MHH",3,4,2,4,4,3,4,3,2,3,700,2,29,"Mann",3,3,"ja",10,"im Schnitt 1 Mal pro Woche","passt insgesamt",2,0,3.2,3,"3"
"364","24.06.2016 22:07:46","",4,2,1,3,2,3,3,3,2,2,50,2,35,"Mann",2,10,"ja",2,"im Schnitt mehrfach pro Tag","passt insgesamt nicht",5,0,2.5,2.5,"5"
"365","04.07.2016 11:32:23","",3,2,2,2,3,3,2,3,4,2,53,0,33,"Frau",2,30,"ja",6,"im Schnitt 1 Mal pro Tag","passt insgesamt",3,0,2.6,2.5,"4"
"366","10.07.2016 14:46:09","",3,2,2,3,3,3,2,2,2,2,20,0,53,"Mann",3,10,"ja",2,"im Schnitt mehrfach pro Tag","passt insgesamt",3,0,2.4,2,"5"
"367","25.07.2016 22:04:43","hsb",2,1,2,1,2,1,1,2,2,2,NA,2,31,"Mann",2,3,"ja",5,"im Schnitt mehrfach pro Tag","passt insgesamt",2,0.0434782608695652,1.6,2,"5"
"368","26.08.2016 14:35:07","PLH",4,4,2,4,3,4,3,2,4,4,239,0,25,"Frau",3,2,"nein",1,"im Schnitt mehrfach pro Tag","passt insgesamt",3,0,3.4,4,"5"
"369","01.09.2016 09:28:25","CGC",2,3,2,2,3,3,3,3,3,2,620,0,49,"Frau",2,10,"nein",1,"im Schnitt mehrfach pro Tag","passt insgesamt nicht",3,0,2.6,3,"5"
"370","01.09.2016 15:38:30","RSW",3,3,1,2,2,3,2,3,3,2,218,2,24,"Frau",2,2,"nein",8,"im Schnitt 1 Mal pro Quartal (oder weniger)","passt insgesamt",5,0,2.4,2.5,"1"
"371","02.09.2016 20:56:28","ABR",3,3,1,2,3,3,2,2,4,2,NA,0,27,"Frau",2,180,"nein",0,"im Schnitt mehrfach pro Tag","passt insgesamt nicht",5,0.0434782608695652,2.5,2.5,"5"
"372","04.09.2016 11:01:15","",4,4,4,3,4,4,3,3,4,1,472,4,22,"Frau",3,20,"nein",15,"im Schnitt mehrfach pro Tag","keine Antwort",3,0,3.4,4,"5"
"373","04.09.2016 12:43:11","MHA42AC",4,3,2,4,4,4,3,4,4,3,210,5,24,"Mann",4,10,"ja",20,"im Schnitt mehrfach pro Tag","passt insgesamt nicht",3,0,3.5,4,"5"
"374","04.09.2016 12:52:55","UEG",4,3,1,3,3,3,3,2,4,2,74,0,34,"Frau",2,10,"ja",2,"im Schnitt mehrfach pro Tag","passt insgesamt",2,0,2.8,3,"5"
"375","04.09.2016 22:13:20","SANSKRIT",2,1,1,3,3,1,1,1,3,1,500,0,33,"Frau",2,5,"ja",3,"im Schnitt mehrfach pro Tag","keine Antwort",5,0,1.7,1,"5"
"376","05.09.2016 07:58:42","",2,3,1,4,3,2,4,3,2,1,365,2,27,"Frau",3,10,"nein",40,"im Schnitt mehrfach pro Tag","passt insgesamt nicht",4,0,2.5,2.5,"5"
"377","05.09.2016 11:22:24","",3,3,3,3,3,4,3,2,2,1,80,1,29,"Mann",3,5,"ja",5,"im Schnitt 1 Mal pro Woche","passt insgesamt nicht",3,0,2.7,3,"3"
"378","05.09.2016 12:40:50","KBK42AC",4,4,2,4,4,4,3,4,4,3,160,1,26,"Frau",3,10,"ja",6,"im Schnitt 1 Mal pro Woche","passt insgesamt",1,0,3.6,4,"3"
"379","06.09.2016 18:51:55","JCA",4,4,3,4,4,3,4,4,4,3,NA,10,37,"Mann",4,1,"ja",30,"im Schnitt mehrfach pro Tag","passt insgesamt",2,0.0434782608695652,3.7,4,"5"
"380","07.09.2016 19:16:41","WSK",4,2,1,4,4,2,4,4,4,3,NA,2,24,"Frau",4,30,"ja",15,"im Schnitt mehrfach pro Tag","passt insgesamt",1,0.0434782608695652,3.2,4,"5"
"381","07.09.2016 20:54:21","PFS",4,4,3,4,4,3,4,4,3,3,900,24,26,"Mann",3,1,"ja",26,"im Schnitt mehrfach pro Tag","passt insgesamt",5,0,3.6,4,"5"
"382","08.09.2016 21:30:16","HPD",3,4,3,2,3,2,2,3,4,1,170,6,22,"Frau",2,5,"nein",15,"im Schnitt mehrfach pro Tag","passt insgesamt",5,0,2.7,3,"5"
"383","08.09.2016 21:38:54","NPM42AC",4,3,2,4,3,3,4,1,3,4,147,1,26,"Mann",3,5,"ja",4,"im Schnitt 1 Mal pro Quartal (oder weniger)","passt insgesamt",2,0,3.1,3,"1"
"384","08.09.2016 23:00:20","HSWAAC42AC",4,3,1,4,3,3,2,2,3,3,207,0,25,"Frau",3,20,"nein",10,"im Schnitt mehrfach pro Tag","passt insgesamt",2,0,2.8,3,"5"
"385","09.09.2016 07:36:51","WGM",3,3,3,3,3,3,2,3,3,3,NA,3,27,"Mann",3,2,"nein",12,"im Schnitt mehrfach pro Tag","passt insgesamt",2,0.0434782608695652,2.9,3,"5"
"386","09.09.2016 08:33:31","OKH",4,4,2,4,4,2,3,2,3,1,310,0,30,"Frau",3,20,"nein",8,"im Schnitt mehrfach pro Tag","passt insgesamt",3,0,2.9,3,"5"
"387","09.09.2016 11:30:16","JHH",4,3,1,4,4,2,4,3,3,3,103,2,43,"Frau",3,10,"nein",1,"im Schnitt 1 Mal pro Tag","passt insgesamt",2,0,3.1,3,"4"
"388","09.09.2016 12:59:36","",2,2,1,3,2,2,3,2,2,2,300,8,24,"Mann",3,15,"ja",4,"im Schnitt mehrfach pro Tag","passt insgesamt",2,0,2.1,2,"5"
"389","09.09.2016 18:09:27","",3,3,3,4,4,3,3,3,4,2,250,1,22,"Frau",2,2,"ja",20,"im Schnitt mehrfach pro Tag","passt insgesamt",3,0,3.2,3,"5"
"390","09.09.2016 19:45:12","",3,2,2,3,2,3,2,2,3,3,500,5,23,"Mann",2,30,"ja",12,"im Schnitt 1 Mal pro Monat","passt insgesamt nicht",4,0,2.5,2.5,"2"
"391","10.09.2016 08:19:45","XZL",2,1,2,2,1,2,1,1,2,2,157,0,NA,"Mann",1,60,"nein",0,"im Schnitt 1 Mal pro Monat","passt insgesamt nicht",5,0.0434782608695652,1.6,2,"2"
"392","11.09.2016 13:18:43","SWZ",3,3,1,4,3,2,3,2,3,2,50,1,32,"Frau",3,30,"nein",7,"im Schnitt 1 Mal pro Tag","passt insgesamt",3,0,2.6,3,"4"
"393","11.09.2016 14:02:41","TGN",3,2,1,2,3,2,2,2,3,2,NA,3,26,"Frau",2,15,"ja",10,"im Schnitt mehrfach pro Tag","passt insgesamt nicht",2,0.0434782608695652,2.2,2,"5"
"394","11.09.2016 16:54:34","SSG",3,3,1,3,3,2,3,3,4,2,185,0,29,"Frau",3,60,"ja",5,"im Schnitt mehrfach pro Tag","passt insgesamt",2,0,2.7,3,"5"
"395","11.09.2016 19:11:53","Mmk",2,2,1,3,1,2,2,2,2,1,NA,200,28,"Frau",1,15,"nein",5,"im Schnitt mehrfach pro Tag","passt insgesamt nicht",5,0.0434782608695652,1.8,2,"5"
"396","11.09.2016 21:45:41","AKM",3,4,1,3,3,2,3,3,4,2,550,24,28,"Mann",3,20,"nein",30,"im Schnitt 1 Mal pro Woche","keine Antwort",3,0,2.8,3,"3"
"397","11.09.2016 22:24:28","ASS",2,3,2,2,2,1,3,2,2,1,130,2,21,"Frau",2,15,"nein",4,"im Schnitt 1 Mal pro Tag","passt insgesamt",5,0,2,2,"4"
"398","12.09.2016 13:44:16","WML",4,4,2,4,4,3,4,4,3,2,350,4,25,"Frau",3,10,"nein",10,"im Schnitt mehrfach pro Tag","keine Antwort",2,0,3.4,4,"5"
"399","12.09.2016 17:07:27","RRT",2,2,1,2,2,2,3,2,4,2,430,0,29,"Frau",1,30,"nein",0,"im Schnitt mehrfach pro Tag","passt insgesamt nicht",5,0,2.2,2,"5"
"400","12.09.2016 19:50:59","NKH",4,3,1,3,3,3,3,3,3,3,150,6,29,"Mann",3,10,"ja",6,"im Schnitt mehrfach pro Tag","passt insgesamt",3,0,2.9,3,"5"
"401","13.09.2016 00:24:27","",4,2,3,2,2,3,4,4,4,3,435,25,27,"Mann",3,15,"nein",10,"im Schnitt 1 Mal pro Quartal (oder weniger)","passt insgesamt",3,0,3.1,3,"1"
"402","13.09.2016 10:02:16","DAS",3,2,1,3,1,2,3,3,2,3,192,5,29,"Mann",3,25,"nein",5,"im Schnitt 1 Mal pro Quartal (oder weniger)","keine Antwort",2,0,2.3,2.5,"1"
"403","13.09.2016 11:59:56","MBA",3,3,1,3,2,3,3,2,4,2,298,10,22,"Frau",3,15,"ja",15,"im Schnitt mehrfach pro Tag","passt insgesamt",4,0,2.6,3,"5"
"404","13.09.2016 12:24:02","MAE",4,3,2,4,4,2,4,4,4,3,446,2,26,"Mann",3,5,"ja",20,"im Schnitt mehrfach pro Tag","passt insgesamt",2,0,3.4,4,"5"
"405","13.09.2016 12:24:42","SBR",3,4,2,3,3,3,2,3,4,3,200,0,19,"Frau",2,5,"ja",15,"im Schnitt 1 Mal pro Quartal (oder weniger)","passt insgesamt nicht",3,0,3,3,"1"
"406","13.09.2016 13:34:39","LKM",3,3,2,3,3,3,2,1,3,1,300,0,21,"Frau",2,15,"nein",12,"im Schnitt 1 Mal pro Tag","passt insgesamt nicht",4,0,2.4,3,"4"
"407","13.09.2016 15:30:59","EMM",4,4,1,4,3,4,3,3,3,2,460,5,24,"Frau",3,NA,"nein",15,"im Schnitt mehrfach pro Tag","passt insgesamt",3,0,3.1,3,"5"
"408","13.09.2016 19:35:53","",2,1,1,2,2,2,1,4,4,2,280,5,20,"Mann",1,40,"nein",20,"im Schnitt 1 Mal pro Woche","passt insgesamt nicht",5,0,2.1,2,"3"
"409","14.09.2016 10:47:17","",3,4,1,4,3,3,3,3,3,2,413,1,24,"Frau",3,NA,"",4,"im Schnitt 1 Mal pro Woche","passt insgesamt",3,0,2.9,3,"3"
"410","14.09.2016 12:10:09","",3,3,1,NA,3,2,3,2,3,1,240,3,23,"Frau",1,30,"nein",6,"im Schnitt mehrfach pro Tag","passt insgesamt nicht",5,0.0434782608695652,2.33333333333333,3,"5"
"411","14.09.2016 13:42:47","SGH",4,3,1,4,4,3,4,3,4,3,25,1,22,"Frau",4,5,"ja",5,"im Schnitt 1 Mal pro Quartal (oder weniger)","passt insgesamt nicht",2,0,3.3,3.5,"1"
"412","14.09.2016 17:08:35","SEM",3,3,1,2,1,1,1,4,3,1,300,30,24,"Mann",1,60,"nein",50,"im Schnitt 1 Mal pro Monat","passt insgesamt nicht",6,0,2,1.5,"2"
"413","15.09.2016 10:59:21","WPM",4,2,1,4,4,3,2,1,3,1,33,0,42,"Frau",2,3,"nein",0,"gar nicht","passt insgesamt nicht",4,0,2.5,2.5,"0"
"414","15.09.2016 15:09:24","PAW",4,4,2,4,3,4,4,4,4,4,750,30,22,"Mann",4,5,"nein",30,"im Schnitt mehrfach pro Tag","passt insgesamt",2,0,3.7,4,"5"
"415","15.09.2016 16:28:46","ASM",4,4,3,3,3,3,3,3,4,4,610,10,22,"Frau",3,5,"nein",30,"im Schnitt mehrfach pro Tag","passt insgesamt",2,0,3.4,3,"5"
"416","15.09.2016 16:33:51","ZRO",4,4,3,4,4,2,4,4,4,4,483,5,28,"Mann",4,3,"ja",20,"im Schnitt mehrfach pro Tag","passt insgesamt",1,0,3.7,4,"5"
"417","15.09.2016 17:25:07","ASE",2,2,1,2,2,2,2,2,3,1,250,6,25,"Frau",2,20,"nein",12,"im Schnitt mehrfach pro Tag","passt insgesamt nicht",5,0,1.9,2,"5"
"418","15.09.2016 17:43:10","JHB",2,1,1,2,2,1,2,2,3,2,200,0,26,"Frau",2,10,"nein",6,"im Schnitt mehrfach pro Tag","passt insgesamt",5,0,1.8,2,"5"
"419","16.09.2016 10:55:40","MHK",4,4,3,4,4,4,3,4,4,3,350,4,29,"Frau",4,5,"ja",12,"im Schnitt mehrfach pro Tag","passt insgesamt",1,0,3.7,4,"5"
"420","16.09.2016 15:06:00","",4,4,3,4,4,4,3,3,4,2,400,5,19,"Frau",3,2,"nein",30,"im Schnitt mehrfach pro Tag","passt insgesamt",2,0,3.5,4,"5"
"421","16.09.2016 19:08:08","MLG42AC",4,4,4,3,4,4,3,3,4,2,477,4,22,"Frau",2,15,"nein",15,"im Schnitt mehrfach pro Tag","passt insgesamt nicht",3,0,3.5,4,"5"
"422","17.09.2016 19:14:33","DSB",2,2,1,2,2,2,2,1,3,2,350,0,25,"Frau",1,NA,"nein",1,"im Schnitt mehrfach pro Tag","passt insgesamt nicht",6,0,1.9,2,"5"
"423","18.09.2016 18:57:27","RRD",4,4,3,3,4,4,3,3,4,2,80,5,22,"Frau",3,20,"ja",12,"im Schnitt 1 Mal pro Monat","keine Antwort",3,0,3.4,3.5,"2"
"424","18.09.2016 21:52:35","",3,3,1,4,4,3,3,2,4,3,350,4,23,"Frau",3,5,"ja",6,"im Schnitt mehrfach pro Tag","passt insgesamt",2,0,3,3,"5"
"425","19.09.2016 06:53:02","",4,1,1,4,NA,1,4,3,3,2,686,NA,23,"Frau",3,2,"nein",50,"täglich zwischen 20-50","keine Antwort",2,0.0434782608695652,2.55555555555556,3,"5"
"426","19.09.2016 14:32:00","otm",3,NA,2,3,2,4,2,2,4,2,150,3,23,"Frau",2,15,"ja",4,"im Schnitt mehrfach pro Tag","passt insgesamt",3,0.0434782608695652,2.66666666666667,2,"5"
"427","19.09.2016 19:26:05","",3,4,1,3,4,4,4,3,3,3,1300,10,25,"Frau",4,7,"nein",15,"im Schnitt mehrfach pro Tag","passt insgesamt",2,0,3.2,3,"5"
"428","19.09.2016 21:24:02","572ezg",3,3,2,3,3,3,3,2,3,2,292,0,23,"Frau",3,5,"nein",12,"im Schnitt mehrfach pro Tag","keine Antwort",3,0,2.7,3,"5"
"429","19.09.2016 22:24:22","TWM",3,4,2,4,4,4,4,3,3,3,1300,10,25,"Frau",4,10,"nein",13,"im Schnitt mehrfach pro Tag","passt insgesamt",2,0,3.4,3.5,"5"
"430","20.09.2016 16:19:58","KAO",3,3,1,4,4,3,3,3,4,4,261,10,28,"Frau",4,10,"ja",30,"im Schnitt mehrfach pro Tag","passt insgesamt",1,0,3.2,3,"5"
"431","20.09.2016 19:51:33","MGD",4,3,1,3,3,3,3,2,4,2,110,4,24,"Frau",3,15,"nein",20,"im Schnitt mehrfach pro Tag","passt insgesamt",4,0,2.8,3,"5"
"432","20.09.2016 23:03:44","JSH",4,4,2,4,4,2,4,4,4,3,535,6,30,"Frau",3,15,"nein",14,"im Schnitt mehrfach pro Tag","passt insgesamt nicht",1,0,3.5,4,"5"
"433","21.09.2016 00:58:08","",4,3,3,4,4,3,3,4,4,4,309,20,20,"Mann",3,5,"ja",30,"im Schnitt 1 Mal pro Tag","keine Antwort",2,0,3.6,4,"4"
"434","21.09.2016 10:50:54","KHD",2,1,2,3,2,1,3,2,3,2,NA,1,48,"Mann",1,10,"ja",0,"im Schnitt 1 Mal pro Quartal (oder weniger)","passt insgesamt nicht",4,0.0434782608695652,2.1,2,"1"
"435","21.09.2016 11:49:07","WHE",3,3,1,4,4,3,4,4,4,3,175,5,30,"Frau",3,3,"ja",10,"im Schnitt 1 Mal pro Woche","passt insgesamt",2,0,3.3,3.5,"3"
"436","21.09.2016 14:45:55","BBP",2,2,1,3,3,2,3,2,3,2,41,0,28,"Frau",3,NA,"ja",15,"im Schnitt mehrfach pro Tag","passt insgesamt",6,0,2.3,2,"5"
"437","21.09.2016 16:06:51","HSL",4,4,1,3,2,4,3,4,4,1,236,25,27,"Mann",1,10,"nein",35,"im Schnitt 1 Mal pro Quartal (oder weniger)","passt insgesamt",3,0,3,3.5,"1"
"438","21.09.2016 22:55:32","ACR",3,2,3,3,2,3,3,2,3,4,300,1,38,"Mann",3,10,"ja",5,"im Schnitt 1 Mal pro Woche","passt insgesamt",2,0,2.8,3,"3"
"439","22.09.2016 12:38:39","KHL",4,3,2,3,3,3,3,4,3,2,300,2,24,"Frau",3,5,"ja",5,"im Schnitt 1 Mal pro Woche","passt insgesamt",2,0,3,3,"3"
"440","23.09.2016 13:29:10","UMR",3,3,1,3,2,3,2,2,2,2,302,4,21,"Frau",2,5,"nein",3,"im Schnitt mehrfach pro Tag","keine Antwort",5,0,2.3,2,"5"
"441","23.09.2016 13:45:10","GRM",3,2,1,3,3,3,4,4,4,1,NA,10,21,"Frau",2,30,"nein",48,"im Schnitt 1 Mal pro Woche","passt insgesamt nicht",4,0.0434782608695652,2.8,3,"3"
"442","24.09.2016 15:15:41","HBO",4,3,1,3,4,3,2,4,4,3,NA,2,24,"Frau",3,15,"nein",15,"im Schnitt 1 Mal pro Monat","passt insgesamt",3,0.0434782608695652,3.1,3,"2"
"443","25.09.2016 16:10:38","GKD",3,4,1,2,2,3,2,3,3,2,195,3,23,"Frau",2,20,"ja",30,"im Schnitt 1 Mal pro Woche","passt insgesamt",5,0,2.5,2.5,"3"
"444","25.09.2016 16:10:43","MPB",4,4,2,4,4,3,3,3,4,1,NA,1,43,"Frau",3,10,"nein",2,"im Schnitt mehrfach pro Tag","passt insgesamt",3,0.0434782608695652,3.2,3.5,"5"
"445","25.09.2016 18:28:28","Rwm",3,3,4,4,3,3,2,2,4,1,200,1,23,"Frau",3,5,"ja",3,"im Schnitt mehrfach pro Tag","passt insgesamt",3,0,2.9,3,"5"
"446","26.09.2016 08:38:30","JKI",4,4,3,4,3,4,3,3,3,2,150,5,23,"Frau",3,10,"ja",30,"im Schnitt 1 Mal pro Woche","passt insgesamt",2,0,3.3,3,"3"
"447","26.09.2016 09:28:41","HUM",3,4,1,4,3,3,3,4,3,3,700,40,23,"Mann",3,30,"nein",50,"im Schnitt mehrfach pro Tag","passt insgesamt",2,0,3.1,3,"5"
"448","27.09.2016 09:05:46","ABW",4,4,2,3,3,3,3,3,4,3,400,10,24,"Frau",3,10,"ja",24,"im Schnitt mehrfach pro Tag","passt insgesamt",3,0,3.2,3,"5"
"449","27.09.2016 10:53:52","",3,3,1,4,3,3,3,4,4,4,200,0,25,"Frau",4,5,"ja",0,"im Schnitt 1 Mal pro Quartal (oder weniger)","passt insgesamt",1,0,3.2,3,"1"
"450","27.09.2016 16:36:19","JHU",4,4,2,4,4,4,4,4,4,3,600,8,24,"Frau",4,5,"ja",10,"im Schnitt mehrfach pro Tag","passt insgesamt",2,0,3.7,4,"5"
"451","27.09.2016 16:36:37","",4,3,3,4,4,4,4,4,4,3,680,25,23,"Frau",4,5,"ja",50,"im Schnitt mehrfach pro Tag","passt insgesamt",1,0,3.7,4,"5"
"452","27.09.2016 16:37:38","",4,3,2,4,4,3,3,3,3,2,250,30,22,"Frau",3,5,"nein",50,"im Schnitt 1 Mal pro Woche","passt insgesamt",3,0,3.1,3,"3"
"453","27.09.2016 16:38:05","",NA,NA,NA,NA,NA,NA,NA,NA,NA,NA,NA,NA,NA,"",NA,NA,"",NA,"","",NA,0.608695652173913,NA,NA,NA
"454","27.09.2016 16:39:00","",4,4,2,4,4,4,3,4,4,2,NA,20,23,"Frau",4,5,"ja",40,"im Schnitt 1 Mal pro Tag","passt insgesamt",1,0.0434782608695652,3.5,4,"4"
"455","27.09.2016 20:49:38","UPH",3,3,1,2,2,3,2,4,4,1,NA,0,31,"Frau",2,20,"nein",4,"im Schnitt 1 Mal pro Quartal (oder weniger)","passt insgesamt",5,0.0434782608695652,2.5,2.5,"1"
"456","28.09.2016 16:26:10","KKG",4,4,3,3,3,4,3,3,4,1,174,2,21,"Frau",2,40,"nein",20,"im Schnitt 1 Mal pro Quartal (oder weniger)","passt insgesamt nicht",4,0,3.2,3,"1"
"457","28.09.2016 18:06:22","CHL",3,2,2,2,2,3,3,4,3,4,NA,3,29,"Mann",3,2,"ja",30,"im Schnitt 1 Mal pro Tag","passt insgesamt",2,0.0434782608695652,2.8,3,"4"
"458","28.09.2016 18:06:57","Agw ",4,4,1,4,3,4,3,4,4,4,450,48,25,"Mann",4,20,"ja",70,"im Schnitt mehrfach pro Tag","passt insgesamt",1,0,3.5,4,"5"
"459","28.09.2016 18:07:01","",3,3,3,4,4,3,4,3,3,2,NA,3,24,"Mann",3,20,"ja",5,"im Schnitt mehrfach pro Tag","keine Antwort",2,0.0434782608695652,3.2,3,"5"
"460","28.09.2016 18:07:57","",4,3,2,4,4,2,4,4,4,2,300,3,35,"Frau",3,45,"nein",5,"im Schnitt 1 Mal pro Monat","passt insgesamt",1,0,3.3,4,"2"
"461","28.09.2016 18:08:34","KHD",4,4,3,3,2,4,3,3,3,1,75,10,28,"Mann",3,30,"ja",12,"im Schnitt mehrfach pro Tag","passt insgesamt",4,0,3,3,"5"
"462","28.09.2016 18:08:39","UTS",3,3,1,3,3,3,2,3,4,1,150,3,30,"Frau",2,10,"nein",5,"im Schnitt 1 Mal pro Monat","passt insgesamt nicht",5,0,2.6,3,"2"
"463","28.09.2016 18:08:47","KBW",4,4,1,3,4,4,3,3,3,1,200,0,26,"Frau",1,10,"ja",25,"im Schnitt 1 Mal pro Monat","passt insgesamt nicht",3,0,3,3,"2"
"464","28.09.2016 18:08:48","XED",3,4,1,3,3,3,3,2,3,2,175,0,27,"Frau",3,30,"nein",2,"im Schnitt 1 Mal pro Quartal (oder weniger)","passt insgesamt",3,0,2.7,3,"1"
"465","28.09.2016 18:08:52","",2,3,2,2,2,3,3,2,3,2,240,2,25,"Frau",2,1,"ja",5,"im Schnitt mehrfach pro Tag","keine Antwort",4,0,2.4,2,"5"
"466","28.09.2016 18:09:13","",NA,NA,2,2,NA,NA,NA,NA,NA,NA,NA,NA,NA,"",1,NA,"",NA,"","",NA,0.478260869565217,2,2,NA
"467","28.09.2016 18:09:21","HCW",4,4,2,3,3,3,2,3,3,2,450,12,27,"Mann",2,5,"nein",24,"im Schnitt mehrfach pro Tag","passt insgesamt",2,0,2.9,3,"5"
"468","28.09.2016 18:09:42","KDH",3,4,1,3,3,3,3,3,4,3,200,6,23,"Frau",3,2,"nein",6,"im Schnitt mehrfach pro Tag","passt insgesamt",2,0,3,3,"5"
"469","28.09.2016 18:10:10","",3,3,1,4,4,3,3,3,4,2,360,12,28,"Mann",3,5,"ja",10,"im Schnitt 1 Mal pro Quartal (oder weniger)","passt insgesamt",4,0,3,3,"1"
"470","28.09.2016 18:10:47","",3,2,2,3,3,2,2,2,2,1,NA,15,27,"Mann",2,5,"nein",10,"0","keine Antwort",3,0.0434782608695652,2.2,2,"0"
"471","28.09.2016 18:10:53","Tal",3,3,1,2,2,3,3,3,3,2,2,98,26,"Mann",4,220,"ja",65,"im Schnitt 1 Mal pro Woche","passt insgesamt",4,0,2.5,3,"3"
"472","28.09.2016 18:10:59","WSD",3,4,1,2,3,4,2,3,3,1,12,0,27,"Frau",2,10,"nein",5,"im Schnitt mehrfach pro Tag","keine Antwort",2,0,2.6,3,"5"
"473","28.09.2016 18:11:39","FDL",3,2,4,2,3,3,2,2,4,2,350,10,23,"Mann",2,5,"nein",30,"im Schnitt 1 Mal pro Quartal (oder weniger)","keine Antwort",3,0,2.7,2.5,"1"
"474","28.09.2016 18:13:54","uph",4,4,2,4,4,4,3,3,4,1,NA,5,27,"Frau",4,1,"nein",8,"im Schnitt mehrfach pro Tag","passt insgesamt",1,0.0434782608695652,3.3,4,"5"
"475","28.09.2016 22:41:06","MHZ",3,3,3,3,2,3,3,2,2,3,NA,5,26,"Mann",2,7,"nein",20,"im Schnitt mehrfach pro Tag","passt insgesamt",4,0.0434782608695652,2.7,3,"5"
"476","30.09.2016 21:22:43","HBE42AC",4,1,4,3,3,3,3,3,3,1,350,1,23,"Frau",2,60,"nein",15,"im Schnitt mehrfach pro Tag","passt insgesamt",3,0,2.8,3,"5"
"477","01.10.2016 12:28:57","HLP",3,2,1,2,3,2,2,3,4,1,NA,2,28,"Frau",3,2,"nein",24,"im Schnitt mehrfach pro Tag","passt insgesamt",5,0.0434782608695652,2.3,2,"5"
"478","01.10.2016 14:00:01","ANW",3,2,1,3,2,3,3,2,4,1,NA,3,33,"Mann",2,30,"nein",5,"im Schnitt 1 Mal pro Woche","passt insgesamt nicht",3,0.0434782608695652,2.4,2.5,"3"
"479","02.10.2016 15:42:39","MHC",3,3,1,3,3,3,2,3,3,1,200,1,33,"Frau",2,10,"nein",2,"im Schnitt 1 Mal pro Tag","keine Antwort",4,0,2.5,3,"4"
"480","04.10.2016 11:39:17","",4,4,3,4,4,4,4,4,4,3,650,10,24,"Mann",4,5,"ja",50,"im Schnitt 1 Mal pro Tag","passt insgesamt",2,0,3.8,4,"4"
"481","04.10.2016 16:38:10","TYL",2,2,4,2,2,3,2,1,2,1,350,5,23,"Frau",2,15,"nein",20,"im Schnitt 1 Mal pro Monat","passt insgesamt",2,0,2.1,2,"2"
"482","04.10.2016 17:56:59","JBP",3,4,1,2,3,3,1,3,3,1,356,3,23,"Frau",1,30,"ja",30,"im Schnitt mehrfach pro Tag","keine Antwort",4,0,2.4,3,"5"
"483","04.10.2016 18:56:03","",4,4,1,3,3,3,3,2,4,3,3000,1,24,"Frau",3,10,"nein",4,"im Schnitt 1 Mal pro Monat","passt insgesamt",1,0,3,3,"2"
"484","05.10.2016 16:12:00","RKB",4,4,2,4,4,4,3,4,4,2,300,12,24,"Mann",4,2,"ja",24,"im Schnitt mehrfach pro Tag","passt insgesamt",3,0,3.5,4,"5"
"485","05.10.2016 18:41:28","",3,2,1,2,3,2,4,4,4,1,200,0,25,"Frau",1,30,"nein",12,"nie","passt insgesamt",4,0,2.6,2.5,"0"
"486","05.10.2016 19:39:16","",3,3,1,3,2,3,2,3,3,2,457,2,24,"Frau",3,20,"nein",18,"im Schnitt mehrfach pro Tag","passt insgesamt nicht",3,0,2.5,3,"5"
"487","06.10.2016 18:59:34","FNN",2,2,2,4,3,2,3,1,3,1,613,1,27,"Mann",4,10,"nein",1,"im Schnitt mehrfach pro Tag","passt insgesamt",3,0,2.3,2,"5"
"488","08.10.2016 11:35:33","",4,3,3,3,3,4,3,3,3,2,75,1,29,"Frau",3,10,"nein",4,"im Schnitt 1 Mal pro Woche","passt insgesamt",2,0,3.1,3,"3"
"489","10.10.2016 22:42:33","JCU",3,3,1,3,3,3,3,3,4,1,108,3,30,"Frau",3,10,"nein",5,"im Schnitt mehrfach pro Tag","passt insgesamt",3,0,2.7,3,"5"
"490","11.10.2016 20:09:32","FGW",4,4,1,4,4,3,3,4,4,2,508,24,26,"Mann",3,10,"nein",30,"im Schnitt 1 Mal pro Monat","passt insgesamt",2,0,3.3,4,"2"
"491","11.10.2016 20:34:16","",4,3,2,4,4,3,3,3,3,3,700,0,25,"Frau",3,15,"ja",35,"im Schnitt mehrfach pro Tag","passt insgesamt",2,0,3.2,3,"5"
"492","11.10.2016 22:16:54","HUR",4,4,2,4,3,3,2,3,3,2,365,3,25,"Frau",3,30,"ja",20,"im Schnitt mehrfach pro Tag","passt insgesamt",3,0,3,3,"5"
"493","11.10.2016 22:52:26","",4,4,2,4,4,4,4,4,4,3,165,4,27,"Frau",4,5,"nein",10,"im Schnitt mehrfach pro Tag","passt insgesamt",1,0,3.7,4,"5"
"494","12.10.2016 16:31:10","GSW",4,4,2,4,4,4,4,4,4,2,520,24,25,"Frau",4,20,"nein",30,"im Schnitt 1 Mal pro Quartal (oder weniger)","passt insgesamt nicht",2,0,3.6,4,"1"
"495","13.10.2016 21:07:37","",4,4,2,4,4,3,4,2,3,2,200,3,22,"Frau",3,20,"ja",2,"im Schnitt 1 Mal pro Quartal (oder weniger)","passt insgesamt",2,0,3.2,3.5,"1"
"496","16.10.2016 14:38:09","",3,2,2,3,3,1,4,3,4,4,NA,10,24,"Frau",3,5,"nein",10,"im Schnitt 1 Mal pro Quartal (oder weniger)","passt insgesamt",3,0.0434782608695652,2.9,3,"1"
"497","25.10.2016 22:40:42","BIC",3,4,1,3,3,3,3,2,3,1,NA,0,41,"Frau",1,10,"nein",4,"im Schnitt 1 Mal pro Quartal (oder weniger)","passt insgesamt nicht",5,0.0434782608695652,2.6,3,"1"
"498","27.10.2016 18:48:17","RwE",3,3,4,4,3,3,3,3,4,3,727,5,26,"Frau",3,15,"nein",7,"im Schnitt mehrfach pro Tag","passt insgesamt",4,0,3.3,3,"5"
"499","31.10.2016 15:50:09","MBD",2,2,2,2,2,3,2,2,2,2,150,0,22,"Frau",2,10,"nein",1,"im Schnitt 1 Mal pro Tag","passt insgesamt",6,0,2.1,2,"4"
"500","06.11.2016 18:22:58","EAB",4,3,1,3,3,4,2,3,4,1,NA,0,22,"Frau",1,NA,"nein",4,"im Schnitt 1 Mal pro Woche","passt insgesamt",3,0.0434782608695652,2.8,3,"3"
"501","10.11.2016 15:42:01","",3,3,2,4,3,2,4,2,4,3,500,0,26,"Frau",3,NA,"ja",5,"im Schnitt 1 Mal pro Quartal (oder weniger)","passt insgesamt",3,0,3,3,"1"
